last_name, first_name,player_id,team_name_alt,pitch_type,pitch_name,run_value_per_100,run_value,pitches,pitch_usage,pa,ba,slg,woba,whiff_percent,k_percent,put_away,est_ba,est_slg,est_woba,hard_hit_percent
Ray, Robbie,592662,TOR,FF,4-Seamer,-1.2,-22,1866,59.4,471,0.222,0.431,0.318,24,24.6,21,0.243,0.457,0.328,43.2
Gausman, Kevin,592332,SF,FF,4-Seamer,-0.6,-10,1583,52.7,421,0.257,0.416,0.335,19.5,19.2,19.5,0.278,0.485,0.352,44.8
Mahle, Tyler,641816,CIN,FF,4-Seamer,-0.6,-10,1697,53.1,387,0.236,0.435,0.337,26.9,34.6,21.4,0.215,0.365,0.308,41.2
Richards, Garrett,572070,BOS,FF,4-Seamer,0.3,4,1236,53,355,0.304,0.487,0.389,17.8,14.6,15.8,0.313,0.515,0.395,52.5
Senzatela, Antonio,622608,COL,FF,4-Seamer,-0.4,-5,1303,54.2,352,0.292,0.385,0.322,13.9,10.8,12.3,0.296,0.421,0.331,41.2
Cease, Dylan,656302,CWS,FF,4-Seamer,-0.1,-1,1383,46.8,352,0.264,0.449,0.366,23,19.3,18,0.276,0.502,0.385,46.8
Urías, Julio,628711,LAD,FF,4-Seamer,0.1,1,1331,47.8,347,0.276,0.483,0.354,21.2,23.6,19.9,0.252,0.462,0.332,38.1
Wheeler, Zack,554430,PHI,FF,4-Seamer,-1,-14,1360,42.4,339,0.224,0.317,0.279,26,33,24,0.216,0.315,0.272,32.3
Buehler, Walker,621111,LAD,FF,4-Seamer,-1.3,-19,1403,44.5,336,0.202,0.366,0.295,20.3,23.8,19.3,0.241,0.424,0.331,45.8
Pivetta, Nick,601713,BOS,FF,4-Seamer,0.1,1,1422,51.8,336,0.255,0.435,0.35,20.9,24.1,17.4,0.233,0.412,0.324,46.3
Happ, J.A.,457918,STL,FF,4-Seamer,0.1,1,1442,53.9,336,0.266,0.532,0.382,20.3,22.9,17.7,0.256,0.508,0.367,46.5
Márquez, Germán,608566,COL,FF,4-Seamer,0.1,1,1267,45.4,334,0.272,0.436,0.369,14.1,7.5,12.1,0.322,0.515,0.404,45.8
Rogers, Trevor,669432,MIA,FF,4-Seamer,-1.2,-15,1251,57.7,325,0.222,0.344,0.306,26.8,30.5,26.1,0.219,0.362,0.306,40.2
Gilbert, Logan,669302,SEA,FF,4-Seamer,-1.5,-19,1307,61.5,324,0.254,0.401,0.311,21.6,21.9,17.7,0.258,0.438,0.323,50.6
McKenzie, Triston,663474,CLE,FF,4-Seamer,0.5,6,1216,61.6,322,0.227,0.465,0.359,19.2,19.9,18.9,0.259,0.471,0.365,44.3
Cole, Gerrit,543037,NYY,FF,4-Seamer,-1.2,-17,1399,47.1,312,0.225,0.398,0.292,27.6,34,24.1,0.223,0.421,0.295,49.5
Peralta, Freddy,642547,MIL,FF,4-Seamer,-1.7,-21,1216,51.6,309,0.156,0.308,0.277,31,35.6,28.9,0.177,0.323,0.28,41.9
Gray, Jon,592351,COL,FF,4-Seamer,1.3,15,1208,47.6,309,0.331,0.518,0.404,17.1,15.9,16.1,0.292,0.461,0.363,44.2
Taillon, Jameson,592791,NYY,FF,4-Seamer,-0.5,-6,1171,49.4,305,0.2,0.4,0.298,28,28.9,21.7,0.204,0.407,0.296,47.4
Rodón, Carlos,607074,CWS,FF,4-Seamer,-2,-26,1302,58.7,301,0.199,0.336,0.278,29.7,29.9,25.4,0.205,0.369,0.282,40
Garcia, Luis,677651,HOU,FF,4-Seamer,-0.2,-3,1118,44.7,299,0.301,0.488,0.384,19.1,16.4,17.2,0.298,0.507,0.389,50.2
Scherzer, Max,453286,LAD,FF,4-Seamer,-1.4,-18,1316,46.7,299,0.193,0.359,0.281,30.7,31.1,26.2,0.202,0.385,0.287,40.8
Fried, Max,608331,ATL,FF,4-Seamer,-1,-10,999,39.1,295,0.264,0.4,0.323,16.5,14.2,15.7,0.273,0.395,0.322,38.2
Snell, Blake,605483,SD,FF,4-Seamer,-0.8,-10,1232,52.5,289,0.213,0.406,0.328,21.4,26,23.1,0.248,0.501,0.37,44.5
Heaney, Andrew,571760,NYY,FF,4-Seamer,0,0,1338,57.4,287,0.271,0.537,0.371,27.8,27.5,18.9,0.236,0.451,0.329,45
Lyles, Jordan,543475,TEX,FF,4-Seamer,1,12,1170,39.5,283,0.298,0.603,0.416,20.1,17,15.6,0.273,0.548,0.389,45.2
Skubal, Tarik,669373,DET,FF,4-Seamer,0.8,9,1091,42.8,283,0.291,0.611,0.42,24,24.7,19.2,0.306,0.627,0.43,52.5
Eovaldi, Nathan,543135,BOS,FF,4-Seamer,-0.2,-2,1237,42.3,282,0.312,0.468,0.36,19.4,22,18.7,0.265,0.401,0.314,38.9
Irvin, Cole,608344,OAK,FF,4-Seamer,-0.6,-7,1094,40.8,281,0.257,0.397,0.322,18.6,19.9,17.9,0.265,0.439,0.334,42.2
Hill, Rich,448179,NYM,FF,4-Seamer,0.3,4,1177,47.2,279,0.269,0.526,0.366,21.9,25.4,25.8,0.257,0.496,0.347,42.4
Minor, Mike,501985,KC,FF,4-Seamer,-0.3,-4,1123,42.8,278,0.246,0.472,0.342,18.9,22.3,20.5,0.224,0.447,0.316,36.3
Kaprielian, James,621076,OAK,FF,4-Seamer,0.2,2,1069,52.8,276,0.25,0.471,0.357,27.8,25.7,20.5,0.232,0.431,0.332,43.5
Gallen, Zac,668678,ARI,FF,4-Seamer,-0.9,-11,1128,53.7,272,0.217,0.366,0.318,15.3,25.4,21.5,0.234,0.388,0.316,47.1
Javier, Cristian,664299,HOU,FF,4-Seamer,-0.1,-1,1065,59.4,271,0.226,0.421,0.353,26.4,24.4,21.3,0.274,0.53,0.401,51
Giolito, Lucas,608337,CWS,FF,4-Seamer,0,0,1303,43.9,270,0.251,0.427,0.339,25.6,22.2,17.2,0.255,0.45,0.342,42.8
Allard, Kolby,663465,TEX,FF,4-Seamer,0.1,1,964,46.9,264,0.229,0.445,0.326,18.7,24.2,21.1,0.254,0.47,0.334,42.5
Bubic, Kris,663460,KC,FF,4-Seamer,-0.6,-7,1144,52,262,0.217,0.355,0.318,20.8,20.6,19.1,0.244,0.412,0.347,39.8
Woodruff, Brandon,605540,MIL,FF,4-Seamer,-0.9,-8,947,33.7,260,0.19,0.328,0.271,30.5,43.5,25.6,0.212,0.349,0.284,33.6
Flexen, Chris,623167,SEA,FF,4-Seamer,-0.7,-8,1124,40,257,0.273,0.459,0.344,18,23,17.4,0.244,0.463,0.333,43.1
Greinke, Zack,425844,HOU,FF,4-Seamer,-0.4,-4,1027,39.9,255,0.267,0.492,0.345,11.9,17.3,19.8,0.291,0.505,0.355,47.2
Keller, Mitch,656605,PIT,FF,4-Seamer,0.3,3,1054,56.7,253,0.313,0.495,0.39,17.7,19.8,17.6,0.282,0.473,0.368,46.5
Smyly, Drew,592767,ATL,FF,4-Seamer,0.7,7,998,46.7,250,0.329,0.586,0.426,13.7,11.6,11.3,0.312,0.548,0.396,48.2
Morton, Charlie,450203,ATL,FF,4-Seamer,-0.3,-3,1075,36,248,0.23,0.355,0.3,23.2,27,19.3,0.233,0.392,0.311,40.4
Anderson, Ian,666120,ATL,FF,4-Seamer,-1.3,-13,1025,47.1,246,0.216,0.349,0.287,21.1,21.1,19,0.242,0.409,0.319,40.6
Paddack, Chris,663978,SD,FF,4-Seamer,0.7,8,1149,61.5,246,0.314,0.531,0.383,21.1,18.7,13.9,0.303,0.514,0.364,46.5
Pineda, Michael,501381,MIN,FF,4-Seamer,-0.9,-8,925,54.2,243,0.284,0.493,0.364,14.6,14.8,14.6,0.307,0.556,0.38,56.2
Espino, Paolo,502179,WSH,FF,4-Seamer,0.4,4,958,55.2,243,0.289,0.524,0.369,11.8,14.4,14.2,0.289,0.539,0.364,49.7
Suter, Brent,608718,MIL,FF,4-Seamer,-1,-9,886,72.6,240,0.256,0.395,0.322,20.3,23.3,21.5,0.245,0.384,0.297,36.1
Means, John,607644,BAL,FF,4-Seamer,0.1,1,1117,48,239,0.232,0.505,0.344,21.2,20.9,14.9,0.264,0.561,0.37,51.2
Lynn, Lance,458681,CWS,FF,4-Seamer,-1.5,-16,1051,40.3,238,0.187,0.297,0.255,32.5,35.7,23.5,0.173,0.297,0.24,45.9
Anderson, Tyler,542881,SEA,FF,4-Seamer,0.1,1,948,36.4,237,0.257,0.456,0.341,21.9,22.8,16.7,0.261,0.472,0.35,37
Walker, Taijuan,592836,NYM,FF,4-Seamer,0.2,1,901,35.4,232,0.218,0.469,0.324,24.4,29.3,21.1,0.227,0.477,0.326,46.6
Akin, Keegan,669211,BAL,FF,4-Seamer,-0.7,-7,1011,57.2,231,0.25,0.451,0.331,20,22.1,14.2,0.253,0.487,0.353,43.9
Montas, Frankie,593423,OAK,FF,4-Seamer,-0.4,-4,878,29,229,0.214,0.405,0.307,24.6,27.9,20,0.245,0.47,0.331,50.3
Urquidy, José,664353,HOU,FF,4-Seamer,-1.1,-10,896,54.9,227,0.237,0.423,0.298,19.8,16.7,15.7,0.264,0.493,0.334,40.8
Gutierrez, Vladimir,661269,CIN,FF,4-Seamer,1.1,10,865,47.2,226,0.315,0.569,0.417,14.1,13.3,14.4,0.287,0.512,0.375,50.6
Smith, Caleb,592761,ARI,FF,4-Seamer,0.4,4,995,48.1,226,0.234,0.446,0.366,21.7,21.2,18.1,0.233,0.451,0.362,36.5
Nola, Aaron,605400,PHI,FF,4-Seamer,-0.4,-4,1115,37.5,225,0.265,0.471,0.352,22.4,23.6,19.8,0.257,0.522,0.36,45.4
Rodríguez, Richard,593144,ATL,FF,4-Seamer,-1.6,-13,813,86.1,222,0.221,0.399,0.282,17.9,14.9,12.9,0.257,0.504,0.335,45.3
Odorizzi, Jake,543606,HOU,FF,4-Seamer,-0.6,-6,1020,55.2,221,0.236,0.4,0.317,23.2,24,16.3,0.227,0.414,0.316,40.7
Williams, Trevor,592866,NYM,FF,4-Seamer,-0.7,-6,743,48.3,219,0.274,0.442,0.362,19.2,22.8,20.8,0.253,0.418,0.335,35.7
McGee, Jake,459429,SF,FF,4-Seamer,-1.1,-9,791,90.1,215,0.194,0.333,0.263,18.9,22.8,18.4,0.219,0.396,0.28,49
Plesac, Zach,668676,CLE,FF,4-Seamer,1.9,18,915,41.5,213,0.326,0.626,0.442,16.9,14.6,13.2,0.322,0.636,0.431,54.4
Stripling, Ross,548389,TOR,FF,4-Seamer,0.5,4,859,50.9,209,0.263,0.579,0.389,22.3,23.9,20.4,0.272,0.581,0.384,48.6
Hoffman, Jeff,656546,CIN,FF,4-Seamer,0.5,4,762,56,208,0.276,0.518,0.411,24.1,19.2,18.6,0.263,0.472,0.376,44.7
Ober, Bailey,641927,MIN,FF,4-Seamer,-1,-9,856,58,208,0.251,0.466,0.326,24.8,28.4,18.6,0.235,0.444,0.323,48.9
Ryu, Hyun Jin,547943,TOR,FF,4-Seamer,0.1,1,966,35.9,207,0.282,0.521,0.369,18.3,18.8,19,0.281,0.527,0.369,58.6
Corbin, Patrick,571578,WSH,FF,4-Seamer,1.5,12,766,27.9,204,0.337,0.539,0.408,11.9,10.3,12.6,0.334,0.547,0.409,37.3
McClanahan, Shane,663556,TB,FF,4-Seamer,-0.4,-3,799,40.9,204,0.308,0.5,0.39,19.3,15.7,19.5,0.322,0.573,0.411,55
Patiño, Luis,672715,TB,FF,4-Seamer,-0.6,-5,826,60.5,204,0.228,0.37,0.309,23.1,18.1,15.3,0.259,0.47,0.338,44.7
Widener, Taylor,642203,ARI,FF,4-Seamer,0.3,2,809,66.5,202,0.259,0.494,0.388,20.2,19.8,20,0.275,0.539,0.396,50.4
Harvey, Matt,518774,BAL,FF,4-Seamer,2,15,760,34.1,202,0.319,0.568,0.408,15.3,18.3,14.7,0.325,0.612,0.417,50.7
Rasmussen, Drew,656876,TB,FF,4-Seamer,-1.7,-13,781,65,200,0.221,0.337,0.287,25,22,20.2,0.265,0.391,0.319,55.1
González, Chi Chi,592346,COL,FF,4-Seamer,1.5,12,758,46.4,199,0.328,0.531,0.401,14.6,13.1,13.2,0.314,0.54,0.393,44.8
Megill, Tylor,656731,NYM,FF,4-Seamer,-0.2,-2,895,57.6,198,0.261,0.494,0.357,21.5,26.8,19.3,0.231,0.44,0.329,47.2
Green, Chad,643338,NYY,FF,4-Seamer,-1.3,-11,854,65.1,198,0.185,0.364,0.266,29.9,32.3,21.8,0.219,0.418,0.291,47.2
Lauer, Eric,641778,MIL,FF,4-Seamer,0.4,3,858,43.9,198,0.25,0.407,0.339,26.5,29.3,18.3,0.217,0.387,0.305,36.4
Velasquez, Vince,592826,SD,FF,4-Seamer,0.9,7,874,49.9,197,0.222,0.581,0.394,26.5,27.9,20.8,0.213,0.505,0.356,48.7
Rodriguez, Eduardo,593958,BOS,FF,4-Seamer,0.3,3,1085,39.9,197,0.297,0.491,0.373,31.3,32.5,20.9,0.231,0.384,0.307,33.6
Moore, Matt,519043,PHI,FF,4-Seamer,0.7,5,713,56.9,196,0.309,0.558,0.411,17.8,15.8,16.9,0.278,0.481,0.367,42.3
Ohtani, Shohei,660271,LAA,FF,4-Seamer,0,0,895,44.2,195,0.294,0.512,0.401,20.8,17.9,22.4,0.28,0.459,0.381,51.2
Kelly, Merrill,518876,ARI,FF,4-Seamer,1,8,783,32.3,194,0.317,0.599,0.414,18.6,17,18.6,0.263,0.518,0.364,43.3
Gomber, Austin,596295,COL,FF,4-Seamer,0.5,4,753,40.7,190,0.299,0.567,0.419,13.9,11.6,15.7,0.312,0.572,0.41,40
Matzek, Tyler,554431,ATL,FF,4-Seamer,-1.8,-14,753,70.7,188,0.192,0.288,0.287,22.6,22.3,21,0.212,0.328,0.303,42.9
Hearn, Taylor,621368,TEX,FF,4-Seamer,-0.9,-7,797,46.2,186,0.236,0.4,0.327,23,26.3,20.2,0.264,0.43,0.341,41.4
Doolittle, Sean,448281,SEA,FF,4-Seamer,0.3,2,702,81.1,183,0.27,0.497,0.368,23.4,23.5,19,0.229,0.426,0.321,41.7
Bumgarner, Madison,518516,ARI,FF,4-Seamer,-0.2,-1,748,32.6,183,0.198,0.395,0.303,17.8,20.2,17.7,0.249,0.477,0.347,40.2
Keller, Brad,641745,KC,FF,4-Seamer,2.5,18,700,29.8,182,0.325,0.51,0.405,22.5,19.2,17.5,0.302,0.572,0.422,37.8
Stanek, Ryne,592773,HOU,FF,4-Seamer,-0.5,-3,696,59.7,181,0.228,0.389,0.342,26.1,19.3,18.4,0.239,0.469,0.364,47.8
Glasnow, Tyler,607192,TB,FF,4-Seamer,-1.5,-10,691,51.6,181,0.197,0.338,0.293,27.8,26,25.1,0.215,0.365,0.306,50
Kennedy, Ian,453178,PHI,FF,4-Seamer,-1.6,-12,742,82.5,179,0.207,0.372,0.282,27.1,27.4,21.2,0.212,0.396,0.29,46.6
Estévez, Carlos,608032,COL,FF,4-Seamer,0.2,1,663,65.8,179,0.295,0.487,0.372,22.8,24,21.3,0.268,0.472,0.355,42.2
Wacha, Michael,608379,TB,FF,4-Seamer,-0.3,-2,714,36.2,178,0.238,0.494,0.332,18.3,21.9,18.6,0.31,0.627,0.413,55.1
Bauer, Trevor,545333,LAD,FF,4-Seamer,-2,-14,723,40.5,178,0.175,0.364,0.3,25.3,27.5,24,0.223,0.486,0.35,54.3
Pagán, Emilio,641941,SD,FF,4-Seamer,0,0,672,61.2,177,0.228,0.538,0.355,26.6,27.7,22.3,0.234,0.554,0.362,55.5
Berríos, José,621244,TOR,FF,4-Seamer,0.7,5,811,26.7,176,0.275,0.537,0.38,21.3,19.9,16.7,0.282,0.551,0.382,44
Lester, Jon,452657,STL,FF,4-Seamer,1.3,10,740,31.1,176,0.338,0.556,0.421,16.3,14.2,13.8,0.311,0.523,0.392,42.4
Kim, Kwang Hyun,547942,STL,FF,4-Seamer,-0.4,-3,731,41,176,0.295,0.442,0.371,10.1,6.8,7.6,0.299,0.477,0.369,41.5
deGrom, Jacob,594798,NYM,FF,4-Seamer,-2,-14,704,57.4,175,0.158,0.303,0.224,30,35.4,38,0.17,0.312,0.232,40.4
Jax, Griffin,643377,MIN,FF,4-Seamer,0.2,1,641,46,174,0.268,0.569,0.386,12.8,10.9,11.6,0.275,0.616,0.406,50
Kopech, Michael,656629,CWS,FF,4-Seamer,-0.7,-5,726,62.9,173,0.212,0.397,0.313,31.7,34.1,29.4,0.196,0.368,0.29,45.7
Gray, Josiah,680686,WSH,FF,4-Seamer,1.2,8,626,51.6,172,0.282,0.62,0.423,17.8,14.5,15.2,0.27,0.606,0.409,41.5
Rogers, Tyler,643511,SF,FF,4-Seamer,-0.4,-3,599,53.1,171,0.342,0.422,0.378,11.4,6.4,12.6,0.305,0.377,0.324,40
Hernández, Carlos,672578,KC,FF,4-Seamer,-0.7,-5,696,48.5,170,0.232,0.406,0.348,21.6,18.2,17.5,0.245,0.414,0.36,43.5
Karinchak, James,675916,CLE,FF,4-Seamer,-0.2,-2,696,67.4,170,0.194,0.403,0.321,28.2,27.6,22.1,0.205,0.39,0.333,43.6
Alcantara, Sandy,645261,MIA,FF,4-Seamer,0.6,4,668,21.6,170,0.234,0.399,0.309,23.3,25.9,17.1,0.24,0.417,0.305,44.3
Morgan, Eli,669212,CLE,FF,4-Seamer,0.1,1,687,48.6,169,0.283,0.52,0.375,18.6,18.9,17.7,0.251,0.455,0.333,45.1
Kikuchi, Yusei,579328,SEA,FF,4-Seamer,0,0,912,35.6,168,0.209,0.419,0.321,30.3,33.3,21.4,0.257,0.498,0.362,51.1
Steckenrider, Drew,608716,SEA,FF,4-Seamer,-1.9,-12,664,65.9,168,0.216,0.346,0.275,18.6,19,17.7,0.238,0.381,0.296,37.4
Gallegos, Giovanny,606149,STL,FF,4-Seamer,-1.7,-11,653,52.8,168,0.201,0.315,0.264,25.2,28.6,22.2,0.223,0.363,0.291,46.2
Stephan, Trevor,663986,CLE,FF,4-Seamer,-0.5,-3,723,59.8,167,0.274,0.493,0.385,25.1,20.4,15.5,0.294,0.557,0.402,48.7
Robles, Hansel,570663,BOS,FF,4-Seamer,0.4,3,654,55.2,167,0.243,0.45,0.362,22.4,26.3,19.2,0.238,0.458,0.357,59.8
Flaherty, Jack,656427,STL,FF,4-Seamer,-0.8,-6,684,50.6,166,0.193,0.379,0.307,17.1,22.9,17.3,0.26,0.485,0.357,44.5
Weathers, Ryan,677960,SD,FF,4-Seamer,1.2,8,696,43,165,0.34,0.641,0.438,17.8,18.2,16.9,0.298,0.553,0.38,50.4
Sewald, Paul,623149,SEA,FF,4-Seamer,-2.1,-13,644,58.3,165,0.18,0.32,0.262,33,38.8,28.3,0.184,0.351,0.269,40.7
Stratton, Chris,608717,PIT,FF,4-Seamer,-1,-7,665,48.4,163,0.245,0.392,0.325,21.9,23.3,17.8,0.234,0.428,0.327,42.5
Weaver, Luke,596133,ARI,FF,4-Seamer,-0.5,-4,687,61.9,163,0.224,0.448,0.328,20.4,19.6,15.6,0.256,0.492,0.358,40.9
Foltynewicz, Mike,592314,TEX,FF,4-Seamer,0.5,3,657,29.4,163,0.287,0.62,0.396,11.2,9.2,8.6,0.321,0.649,0.427,52.6
Heuer, Codi,676051,CHC,FF,4-Seamer,0.7,4,589,56.1,163,0.336,0.566,0.421,13,6.7,9.4,0.324,0.526,0.389,45.3
Cueto, Johnny,456501,SF,FF,4-Seamer,-1.4,-10,677,36,162,0.219,0.342,0.282,28.1,32.1,18.1,0.214,0.387,0.296,43.2
Cortes, Nestor,641482,NYY,FF,4-Seamer,-1.8,-12,652,42.8,161,0.196,0.365,0.289,23.2,34.2,25.3,0.19,0.355,0.266,42.6
May, Trevor,543507,NYM,FF,4-Seamer,-1.5,-10,673,60.3,160,0.217,0.371,0.298,33.2,38.8,25.6,0.179,0.354,0.274,42
Castillo, Luis,622491,CIN,FF,4-Seamer,0.5,4,901,28.5,160,0.257,0.478,0.364,30.3,31.3,20.9,0.205,0.36,0.296,34.1
Ruiz, José,614179,CWS,FF,4-Seamer,-0.7,-4,617,59.5,158,0.217,0.406,0.312,21.8,17.7,16.7,0.248,0.471,0.349,50.9
Boxberger, Brad,502202,MIL,FF,4-Seamer,-1.8,-11,600,55.9,157,0.181,0.333,0.274,33.5,39.5,26.5,0.192,0.351,0.283,46.8
Hendriks, Liam,521230,CWS,FF,4-Seamer,-2.3,-17,761,67.3,157,0.216,0.379,0.265,30.3,28,21.8,0.218,0.437,0.285,44
Brentz, Jake,641394,KC,FF,4-Seamer,-0.8,-5,645,58.3,157,0.211,0.333,0.329,21.8,21.7,23.4,0.228,0.362,0.34,40.2
Ynoa, Huascar,660623,ATL,FF,4-Seamer,-0.2,-1,600,40.5,156,0.254,0.529,0.364,14.6,14.7,15.2,0.305,0.571,0.4,55.6
Diekman, Jake,518617,OAK,FF,4-Seamer,0.4,3,630,56.4,154,0.244,0.473,0.374,31.6,27.9,21.8,0.243,0.465,0.358,45.5
Crowe, Wil,640444,PIT,FF,4-Seamer,2.1,16,758,34.9,153,0.328,0.597,0.464,20.4,20.9,15.8,0.236,0.476,0.383,40.4
Kershaw, Clayton,477132,LAD,FF,4-Seamer,0.8,5,662,36.7,152,0.299,0.453,0.361,16.9,7.9,13.3,0.308,0.482,0.367,35.9
Mize, Casey,663554,DET,FF,4-Seamer,-0.6,-4,685,29.1,152,0.224,0.455,0.332,25.3,30.3,17.9,0.223,0.465,0.332,47.2
Smith, Will,519293,ATL,FF,4-Seamer,-0.4,-2,510,47.3,151,0.25,0.469,0.361,18.4,21.2,22.1,0.266,0.473,0.366,52
Suarez, José,660761,LAA,FF,4-Seamer,0.6,4,656,39.8,151,0.303,0.553,0.395,18.2,16.6,13.9,0.328,0.537,0.409,42.6
Miley, Wade,489119,CIN,FF,4-Seamer,-0.9,-4,423,16.3,151,0.252,0.345,0.295,17.5,25.8,17.1,0.235,0.39,0.3,40
Oviedo, Johan,670912,STL,FF,4-Seamer,0.5,3,579,53.3,150,0.25,0.347,0.335,13.6,11.3,12.2,0.279,0.395,0.354,41.3
Manoah, Alek,666201,TOR,FF,4-Seamer,-0.8,-6,668,36.2,150,0.2,0.331,0.29,32.5,32,21.6,0.174,0.326,0.275,34.1
DeSclafani, Anthony,543101,SF,FF,4-Seamer,-0.6,-4,692,27.1,149,0.25,0.432,0.327,22.7,15.4,13.1,0.245,0.461,0.333,42.5
Manning, Matt,666159,DET,FF,4-Seamer,0.5,3,589,41.4,148,0.266,0.406,0.335,17.2,16.2,14.6,0.258,0.422,0.341,39.6
Kremer, Dean,665152,BAL,FF,4-Seamer,0.8,4,549,55.7,148,0.29,0.581,0.419,14.7,15.5,16.2,0.277,0.523,0.385,51
Boyd, Matthew,571510,DET,FF,4-Seamer,-0.4,-2,535,42,147,0.276,0.433,0.347,18,14.3,13.6,0.245,0.451,0.336,42.2
Hernandez, Darwinzon,650382,BOS,FF,4-Seamer,-0.4,-2,551,73.1,147,0.182,0.282,0.326,30.8,27.2,25,0.213,0.336,0.343,37
Bassitt, Chris,605135,OAK,FF,4-Seamer,-1.5,-7,457,19.2,147,0.185,0.281,0.228,26.7,37.4,20.2,0.173,0.263,0.22,33.7
Richards, Trevor,670950,TOR,FF,4-Seamer,-2.3,-14,602,56.7,146,0.159,0.333,0.251,23.3,23.3,20.9,0.231,0.456,0.325,47.5
Sborz, Josh,622250,TEX,FF,4-Seamer,-0.2,-1,588,54.5,144,0.226,0.363,0.312,27.7,22.2,18.8,0.24,0.383,0.321,44.6
Kimbrel, Craig,518886,CWS,FF,4-Seamer,-0.9,-6,585,58,144,0.18,0.385,0.293,33.2,36.8,27.5,0.177,0.335,0.279,48.6
Hudson, Daniel,543339,SD,FF,4-Seamer,0,0,590,68.2,143,0.246,0.444,0.341,28.3,29.4,23,0.233,0.466,0.327,47.7
Hentges, Sam,656529,CLE,FF,4-Seamer,2.7,14,522,41.4,142,0.403,0.637,0.481,10.5,5.6,7.7,0.347,0.668,0.458,47
Díaz, Edwin,621242,NYM,FF,4-Seamer,0.6,4,621,62.2,141,0.233,0.379,0.333,25.7,24.8,19.2,0.223,0.356,0.314,28.2
Littell, Zack,641793,SF,FF,4-Seamer,-1.5,-8,574,57.8,140,0.167,0.333,0.273,31,35.7,24.9,0.184,0.355,0.282,47.9
Bieber, Shane,669456,CLE,FF,4-Seamer,-0.1,-1,551,35.3,140,0.272,0.48,0.36,22.8,33.6,29.4,0.232,0.422,0.321,56.4
García, Jarlín,606424,SF,FF,4-Seamer,-2.3,-12,501,50,139,0.19,0.397,0.299,19.1,26.6,26.6,0.225,0.396,0.301,50
Cabrera, Génesis,650893,STL,FF,4-Seamer,-0.5,-2,534,44.7,138,0.164,0.273,0.286,27,33.3,25.1,0.187,0.332,0.312,43.9
Strickland, Hunter,519326,MIL,FF,4-Seamer,-1,-5,503,51.3,138,0.225,0.383,0.322,23,22.5,18.5,0.215,0.383,0.304,28.6
Romano, Jordan,605447,TOR,FF,4-Seamer,-1.8,-12,642,62.3,137,0.14,0.289,0.238,28.9,35,25,0.164,0.302,0.253,33.8
Hader, Josh,623352,MIL,FF,4-Seamer,-2.6,-16,631,65.5,137,0.103,0.171,0.2,40.5,45.3,29.8,0.14,0.23,0.233,37.5
Lynch, Daniel,663738,KC,FF,4-Seamer,0.9,5,512,40.7,136,0.381,0.576,0.431,12.2,9.6,9.6,0.364,0.611,0.451,46.8
Wittgren, Nick,621295,CLE,FF,4-Seamer,-0.9,-5,576,56.6,136,0.234,0.5,0.329,25.1,28.7,19.2,0.271,0.523,0.354,48.9
Bundy, Dylan,605164,LAA,FF,4-Seamer,0.7,4,522,34.3,136,0.237,0.474,0.368,19.3,19.1,19.7,0.227,0.448,0.348,38.2
Kinley, Tyler,641755,COL,FF,4-Seamer,0.9,5,495,43.3,135,0.259,0.534,0.378,14.3,11.1,16.5,0.285,0.481,0.375,44.6
Voth, Austin,608723,WSH,FF,4-Seamer,0.3,2,607,59.5,135,0.292,0.531,0.389,20.8,23.7,18.8,0.306,0.576,0.414,53.5
Crochet, Garrett,676979,CWS,FF,4-Seamer,0.1,1,588,64.3,134,0.288,0.405,0.378,19.3,13.4,16.5,0.278,0.406,0.359,44.2
Bednar, David,670280,PIT,FF,4-Seamer,-1.8,-9,521,55.8,134,0.195,0.35,0.269,27.9,29.9,24.4,0.198,0.325,0.261,32.5
Brothers, Rex,571521,CHC,FF,4-Seamer,1.2,8,654,65.5,134,0.287,0.525,0.445,20.9,16.4,22.2,0.322,0.595,0.464,54.4
Thielbar, Caleb,573204,MIN,FF,4-Seamer,-2.3,-12,542,49,134,0.227,0.403,0.3,21.7,27.6,19.7,0.225,0.487,0.328,57
Howard, Spencer,675921,TEX,FF,4-Seamer,0.4,2,570,60.9,133,0.257,0.416,0.353,24.8,22.6,18.6,0.241,0.387,0.333,42.2
Taylor, Blake,642130,HOU,FF,4-Seamer,-1.5,-8,542,72.5,132,0.216,0.288,0.311,25.4,25,24.1,0.185,0.259,0.265,23.8
Gray, Sonny,543243,CIN,FF,4-Seamer,0,0,530,23.8,132,0.281,0.465,0.38,17,9.1,16.4,0.284,0.4,0.345,30.8
Wilson, Bryse,669060,PIT,FF,4-Seamer,0.5,3,496,43.7,132,0.311,0.529,0.384,23.9,15.2,16.3,0.292,0.534,0.378,44.7
Bowden, Ben,641386,COL,FF,4-Seamer,1.9,9,478,70.9,130,0.318,0.573,0.437,23.5,23.1,23.3,0.264,0.467,0.364,42.7
Maton, Phil,664208,HOU,FF,4-Seamer,0.1,0,577,49.1,130,0.206,0.412,0.338,37.8,33.1,24,0.197,0.356,0.323,30.6
Musgrove, Joe,605397,SD,FF,4-Seamer,0.2,1,578,19.7,129,0.316,0.57,0.412,20.4,20.9,18.6,0.27,0.496,0.364,45.5
Petit, Yusmeiro,433589,OAK,FF,4-Seamer,0.1,0,491,45.4,129,0.266,0.427,0.309,11,5.4,5.9,0.291,0.471,0.331,38.7
Mayers, Mike,594577,LAA,FF,4-Seamer,0.6,3,468,37.9,129,0.227,0.471,0.324,30.1,36.4,27.8,0.188,0.395,0.28,41.7
Gilbreath, Lucas,656458,COL,FF,4-Seamer,-1,-5,461,63.1,129,0.187,0.29,0.291,26,20.9,21.1,0.2,0.307,0.294,21
Santana, Ervin,429722,KC,FF,4-Seamer,1.7,8,479,45.1,128,0.342,0.623,0.439,14.5,10.2,11.5,0.325,0.657,0.437,52.9
Darvish, Yu,506433,SD,FF,4-Seamer,0.1,0,610,22,127,0.153,0.407,0.27,34.3,43.3,26.2,0.149,0.352,0.242,42.9
Bickford, Phil,641360,LAD,FF,4-Seamer,-2.3,-11,498,64.2,127,0.193,0.377,0.279,27.5,29.9,26.6,0.227,0.425,0.309,44.9
Smith, Burch,572143,OAK,FF,4-Seamer,-0.3,-1,467,68.9,125,0.291,0.444,0.341,21.4,16,16.4,0.288,0.478,0.348,41.2
López, Reynaldo,625643,CWS,FF,4-Seamer,-0.9,-5,543,57.9,124,0.196,0.42,0.283,22.8,26.6,18.8,0.228,0.417,0.298,39
Hill, Tim,657612,SD,FF,4-Seamer,-0.3,-1,455,47.3,124,0.198,0.33,0.292,25.9,31.5,19.5,0.206,0.357,0.302,35.3
Houck, Tanner,656557,BOS,FF,4-Seamer,-0.4,-2,443,38.6,124,0.257,0.321,0.307,20.7,24.2,22.9,0.241,0.396,0.315,39.5
Helsley, Ryan,664854,STL,FF,4-Seamer,-0.6,-3,449,55.8,122,0.28,0.411,0.34,16.4,13.9,18.3,0.305,0.521,0.39,50.5
Steele, Justin,657006,CHC,FF,4-Seamer,-0.4,-2,437,45.3,122,0.227,0.443,0.381,29.6,23.8,26.1,0.198,0.31,0.314,20.3
Barnes, Matt,598264,BOS,FF,4-Seamer,1.2,5,458,49.8,121,0.24,0.481,0.361,26,27.3,21.7,0.189,0.403,0.306,40.3
Duffy, Danny,518633,KC,FF,4-Seamer,-2,-9,438,43.4,121,0.217,0.311,0.302,26.2,24.8,21.7,0.229,0.378,0.312,35.5
López, Pablo,641154,MIA,FF,4-Seamer,-1.6,-9,530,31.8,120,0.219,0.447,0.3,22.6,33.3,19.1,0.219,0.422,0.287,38.7
Quintana, José,500779,SF,FF,4-Seamer,0.1,0,506,40.8,120,0.296,0.519,0.383,24.9,30.8,22.3,0.259,0.455,0.342,46.5
Norris, Daniel,596057,MIL,FF,4-Seamer,0.2,1,469,47.4,118,0.242,0.4,0.355,18.3,18.6,17.1,0.224,0.384,0.34,47.3
Gonsolin, Tony,664062,LAD,FF,4-Seamer,-0.6,-2,432,43.6,118,0.298,0.564,0.43,15.2,13.6,16,0.256,0.437,0.373,39.2
Jiménez, Joe,641729,DET,FF,4-Seamer,-0.6,-3,468,54,117,0.19,0.369,0.361,25.5,23.1,20,0.168,0.349,0.346,36.2
Vesia, Alex,681911,LAD,FF,4-Seamer,-0.4,-2,471,72.4,116,0.163,0.398,0.299,38.6,36.2,27.8,0.159,0.36,0.284,36.8
Plutko, Adam,592644,BAL,FF,4-Seamer,0.8,4,506,49.9,116,0.296,0.561,0.4,22.1,15.5,15,0.287,0.547,0.391,39.8
Chapman, Aroldis,547973,NYY,FF,4-Seamer,0.6,4,569,56.7,115,0.306,0.6,0.457,29.3,23.5,26.7,0.256,0.544,0.425,46.7
Staumont, Josh,622251,KC,FF,4-Seamer,-1,-5,476,43.4,115,0.208,0.302,0.303,21,19.1,19.5,0.24,0.375,0.335,44.6
Freeland, Kyle,607536,COL,FF,4-Seamer,-1.2,-6,470,24.9,113,0.279,0.423,0.328,13.6,7.1,10.4,0.266,0.431,0.322,30.6
Hand, Brad,543272,NYM,FF,4-Seamer,0.7,3,434,40.3,113,0.25,0.457,0.368,17.9,22.1,18.1,0.263,0.476,0.37,43.7
Cisnero, José,542585,DET,FF,4-Seamer,0,0,433,40.6,113,0.198,0.341,0.329,29.6,32.7,21,0.192,0.341,0.318,37
Fry, Paul,643316,BAL,FF,4-Seamer,0.1,0,475,54.5,113,0.244,0.289,0.348,20.3,23.9,23.7,0.234,0.319,0.327,32.3
López, Jorge,605347,BAL,FF,4-Seamer,0.6,3,456,21.1,113,0.287,0.596,0.417,22.4,23,20,0.254,0.485,0.368,47.1
De Los Santos, Enyel,660853,PIT,FF,4-Seamer,1.5,7,477,68.4,113,0.333,0.625,0.463,30.3,27.4,21.2,0.265,0.514,0.374,47.1
Wells, Tyler,669330,BAL,FF,4-Seamer,-0.7,-3,501,56,113,0.176,0.373,0.274,27.5,29.2,21.9,0.239,0.505,0.34,47.9
Ponce de Leon, Daniel,594965,STL,FF,4-Seamer,1,5,481,73.7,112,0.298,0.548,0.426,24.1,17,13.5,0.268,0.531,0.415,37.7
Zimmermann, Bruce,669145,BAL,FF,4-Seamer,1.8,8,466,42.2,111,0.392,0.711,0.496,13.4,8.1,8.3,0.367,0.686,0.476,48.3
Underwood Jr., Duane,621249,PIT,FF,4-Seamer,0.4,2,427,36.3,111,0.258,0.387,0.351,16.5,13.5,13.2,0.279,0.471,0.369,39.5
Germán, Domingo,593334,NYY,FF,4-Seamer,1.7,8,454,28.8,110,0.29,0.65,0.429,22.4,18.2,16,0.282,0.605,0.4,55
White, Mitch,669952,LAD,FF,4-Seamer,0.5,2,396,52,110,0.211,0.368,0.315,14.5,20,20.2,0.271,0.451,0.351,44
Watkins, Spenser,657093,BAL,FF,4-Seamer,2.6,12,450,46.9,110,0.343,0.636,0.439,13,15.5,16.7,0.317,0.599,0.414,40.5
Hembree, Heath,592390,NYM,FF,4-Seamer,0.6,3,570,52.3,110,0.253,0.444,0.345,18.8,26.4,14.6,0.235,0.383,0.308,50
Duffey, Tyler,608648,MIN,FF,4-Seamer,-1.2,-6,469,44.5,109,0.253,0.374,0.339,19.7,22,17.5,0.22,0.384,0.325,45.6
Allen, Logan,663531,CLE,FF,4-Seamer,2.3,9,368,42.1,109,0.326,0.611,0.432,11.3,12.8,13.9,0.347,0.647,0.45,53
Clarke, Taylor,664199,ARI,FF,4-Seamer,1.6,6,403,53.4,109,0.38,0.61,0.449,16.3,16.5,13.3,0.313,0.516,0.375,50.6
Hernandez, Elieser,622694,MIA,FF,4-Seamer,1.8,8,421,51.5,109,0.354,0.697,0.466,15.6,15.6,12.6,0.303,0.594,0.397,53.6
Feyereisen, J.P.,656420,TB,FF,4-Seamer,-1.8,-9,508,51.5,108,0.167,0.286,0.307,28.3,17.6,14.8,0.191,0.397,0.339,44.8
Dunn, Justin,643290,SEA,FF,4-Seamer,0.5,2,450,51.7,108,0.232,0.476,0.394,20.7,12,15.3,0.267,0.538,0.425,46.4
Neris, Héctor,593576,PHI,FF,4-Seamer,1.2,5,459,36.9,107,0.239,0.511,0.376,32.6,35.5,24.7,0.194,0.422,0.318,53.7
Guerra, Deolis,500610,OAK,FF,4-Seamer,0.8,3,400,36.8,107,0.281,0.469,0.357,14.3,18.7,18.9,0.225,0.419,0.31,42.9
Sawamura, Hirokazu,617228,BOS,FF,4-Seamer,-0.4,-2,430,45.5,107,0.247,0.584,0.406,19.3,15.9,20.5,0.269,0.556,0.404,47.9
Luzardo, Jesús,666200,MIA,FF,4-Seamer,2.8,12,432,25,106,0.348,0.674,0.467,19.9,17,14.1,0.313,0.606,0.423,48.7
Thompson, Keegan,624522,CHC,FF,4-Seamer,-0.8,-4,459,47.5,106,0.274,0.452,0.394,16.8,15.1,16.3,0.278,0.474,0.393,41.4
Garrett, Amir,607237,CIN,FF,4-Seamer,1.8,7,404,48.8,105,0.291,0.57,0.438,14.7,12.4,15.9,0.296,0.524,0.409,51.4
Santillan, Tony,663574,CIN,FF,4-Seamer,-0.2,-1,360,47.3,105,0.241,0.53,0.387,22.1,21,22.4,0.216,0.413,0.343,38.5
Bradley, Archie,605151,PHI,FF,4-Seamer,-0.8,-3,431,46.8,105,0.237,0.473,0.352,18.1,26.7,18.7,0.222,0.423,0.319,46.2
Barría, Jaime,642545,LAA,FF,4-Seamer,0.3,1,321,35,105,0.303,0.424,0.347,13.8,15.2,13.6,0.315,0.479,0.36,56.6
Givens, Mychal,571710,CIN,FF,4-Seamer,0.3,1,408,46.7,105,0.293,0.489,0.373,29.7,33.3,25.2,0.225,0.362,0.3,29.3
Reyes, Alex,621052,STL,FF,4-Seamer,-1,-4,385,30.8,105,0.207,0.293,0.333,23.2,18.1,17.3,0.22,0.377,0.344,35.9
Pressly, Ryan,519151,HOU,FF,4-Seamer,-0.3,-1,378,39.5,104,0.255,0.372,0.322,18.6,22.1,20.5,0.229,0.408,0.31,39.4
Bard, Daniel,453268,COL,FF,4-Seamer,0.6,2,424,34.8,103,0.337,0.518,0.433,23.4,21.4,16.9,0.258,0.418,0.368,44.3
Barlow, Scott,605130,KC,FF,4-Seamer,-0.1,-1,405,33.1,103,0.275,0.396,0.338,16.8,11.7,15.8,0.285,0.483,0.37,49.4
Zimmer, Kyle,622092,KC,FF,4-Seamer,0.8,4,471,50.4,103,0.3,0.412,0.388,16.6,12.6,12.3,0.257,0.377,0.366,40.6
Canning, Griffin,656288,LAA,FF,4-Seamer,1.8,8,441,40.8,103,0.256,0.581,0.419,20.7,17.5,17,0.275,0.562,0.408,52.9
Wendelken, J.B.,605525,ARI,FF,4-Seamer,-0.8,-3,378,50.5,103,0.239,0.352,0.332,22.1,22.3,19.8,0.275,0.491,0.38,33.8
Maeda, Kenta,628317,MIN,FF,4-Seamer,0.2,1,460,25.9,103,0.297,0.549,0.396,23.2,27.2,23.3,0.27,0.539,0.377,48.4
Foster, Matt,641582,CWS,FF,4-Seamer,-0.7,-3,463,63.5,102,0.233,0.326,0.327,22.9,23.5,19.7,0.275,0.476,0.37,54.7
Kay, Anthony,641743,TOR,FF,4-Seamer,1.3,5,379,58.4,102,0.31,0.54,0.421,20.5,21.6,18.2,0.274,0.461,0.369,30.8
Rainey, Tanner,663432,WSH,FF,4-Seamer,2,8,430,64.7,101,0.253,0.57,0.413,28.1,20.8,15.3,0.248,0.566,0.409,55.9
Leone, Dominic,608678,SF,FF,4-Seamer,-0.7,-3,403,47.4,101,0.25,0.393,0.339,22.8,19.8,16.1,0.275,0.501,0.378,55.9
Stephenson, Robert,596112,COL,FF,4-Seamer,0.7,3,379,49.4,100,0.307,0.534,0.407,16.8,14,15.7,0.278,0.477,0.358,40.8
De Jong, Chase,608328,PIT,FF,4-Seamer,1.4,5,379,48.9,100,0.289,0.667,0.425,16.5,18,15.9,0.315,0.706,0.449,53.4
Civale, Aaron,650644,CLE,FF,4-Seamer,1.4,6,429,22.5,98,0.278,0.6,0.394,15.3,14.3,10.8,0.319,0.621,0.42,48.7
Andriese, Matt,542882,SEA,FF,4-Seamer,1,4,375,43.9,98,0.326,0.581,0.407,23.8,25.5,20.2,0.277,0.522,0.36,45.3
Sulser, Cole,642121,BAL,FF,4-Seamer,0.2,1,547,51.1,98,0.279,0.5,0.376,28.7,26.5,18.2,0.227,0.454,0.335,58.3
Iglesias, Raisel,628452,LAA,FF,4-Seamer,-1.7,-6,369,34.8,97,0.216,0.432,0.286,31.1,36.1,27.6,0.197,0.387,0.266,45.6
Howard, Sam,607572,PIT,FF,4-Seamer,0.6,2,366,43.3,97,0.216,0.486,0.382,34,35.1,26.2,0.193,0.408,0.362,46.3
García, Yimi,554340,HOU,FF,4-Seamer,-0.7,-2,371,39.3,97,0.222,0.478,0.315,26.8,33,20.9,0.257,0.533,0.349,42.4
Cimber, Adam,643256,TOR,FF,4-Seamer,-0.9,-3,332,32.5,96,0.195,0.276,0.251,27.5,33.3,19,0.201,0.291,0.258,43.6
Keller, Kyle,664918,PIT,FF,4-Seamer,2,7,364,55.7,96,0.244,0.462,0.393,12.6,20.8,15.7,0.22,0.412,0.347,37.9
Lamet, Dinelson,659275,SD,FF,4-Seamer,1.1,4,362,43.5,96,0.36,0.507,0.441,19.6,13.5,15.9,0.307,0.477,0.407,40.6
Smith, Drew,622098,NYM,FF,4-Seamer,-2.9,-10,343,56.2,96,0.176,0.341,0.266,20.7,21.9,20.6,0.233,0.429,0.325,46.2
Almonte, Yency,622075,COL,FF,4-Seamer,0.2,1,395,45.4,96,0.263,0.463,0.374,10.9,10.4,13.3,0.284,0.518,0.4,45.7
Martínez, Carlos,593372,STL,FF,4-Seamer,0.5,2,352,27.5,96,0.269,0.474,0.391,11.1,9.4,9.3,0.305,0.549,0.426,48.6
Trivino, Lou,642152,OAK,FF,4-Seamer,-2.4,-7,298,25.3,95,0.173,0.296,0.267,29,32.6,23.3,0.216,0.421,0.328,37.3
Curtiss, John,595928,MIL,FF,4-Seamer,-2.3,-8,350,49.8,94,0.155,0.238,0.228,26.4,26.6,24.3,0.231,0.409,0.309,45
Wells, Alexander,649144,BAL,FF,4-Seamer,1.4,5,383,50.8,94,0.313,0.5,0.394,14.6,16,15,0.286,0.498,0.378,53
Brubaker, JT,664141,PIT,FF,4-Seamer,0.1,0,476,24.5,94,0.241,0.506,0.357,18.1,11.7,10.9,0.261,0.495,0.35,38.7
Hendricks, Kyle,543294,CHC,FF,4-Seamer,0.8,4,501,17.8,93,0.312,0.649,0.444,29.9,24.7,23.2,0.28,0.58,0.411,55.4
Falter, Bailey,663559,PHI,FF,4-Seamer,-1.2,-4,347,62.9,93,0.239,0.352,0.289,20.5,24.7,23.7,0.231,0.332,0.266,35.4
Holland, Greg,518813,KC,FF,4-Seamer,0.6,3,402,40.3,92,0.253,0.506,0.383,19.2,12,13.8,0.306,0.637,0.438,48.5
Shreve, Chasen,592741,PIT,FF,4-Seamer,-0.4,-2,376,40.2,91,0.26,0.481,0.35,13.6,8.8,9.8,0.233,0.443,0.337,26.4
Lange, Alex,656638,DET,FF,4-Seamer,2,6,290,45.4,91,0.312,0.468,0.412,11.4,8.8,11,0.326,0.554,0.422,60.9
Newcomb, Sean,656794,ATL,FF,4-Seamer,2.3,9,388,57.7,91,0.308,0.462,0.434,19.7,22,18.2,0.275,0.429,0.411,45.7
Kranick, Max,668820,PIT,FF,4-Seamer,2.5,8,327,48.5,90,0.367,0.557,0.44,20.5,16.7,18.5,0.307,0.467,0.378,40.6
Brogdon, Connor,641401,PHI,FF,4-Seamer,0.7,3,414,44.9,90,0.3,0.512,0.383,25.6,22.2,17.9,0.261,0.462,0.346,44.3
Thompson, Zach,605507,MIA,FF,4-Seamer,1.8,6,326,27.3,90,0.311,0.595,0.478,24.8,16.7,14.2,0.257,0.505,0.388,39
Gibson, Kyle,502043,PHI,FF,4-Seamer,0.4,1,366,12.7,89,0.292,0.375,0.362,10.5,10.1,11.4,0.282,0.429,0.376,26.6
Mills, Alec,621219,CHC,FF,4-Seamer,1.6,5,333,17.2,89,0.321,0.654,0.44,10.9,9,10,0.313,0.592,0.414,44.4
Misiewicz, Anthony,664948,SEA,FF,4-Seamer,-1,-3,316,35.3,88,0.286,0.405,0.318,25.6,29.5,23.9,0.235,0.411,0.292,50
Patton, Spencer,607359,TEX,FF,4-Seamer,-0.1,0,392,55.6,88,0.224,0.382,0.319,26.5,27.3,21.4,0.214,0.373,0.311,32.7
Scott, Tanner,656945,BAL,FF,4-Seamer,0.7,3,469,45.4,88,0.206,0.338,0.334,23.3,18.2,19.5,0.244,0.419,0.37,44.4
Kowar, Jackson,663804,KC,FF,4-Seamer,2.4,8,349,55.3,87,0.37,0.575,0.438,15.2,11.5,15.9,0.339,0.567,0.43,55.4
Wilson, Justin,458677,CIN,FF,4-Seamer,2.2,8,353,58.4,87,0.288,0.575,0.422,25.3,25.3,20.6,0.271,0.515,0.392,43.1
Floro, Dylan,571670,MIA,FF,4-Seamer,-1.3,-4,328,30.5,86,0.145,0.158,0.201,34.1,44.2,22.5,0.16,0.202,0.221,23.7
Carrasco, Carlos,471911,NYM,FF,4-Seamer,0.2,1,353,39.7,86,0.293,0.613,0.405,21.8,17.4,19,0.253,0.506,0.357,45.2
Parker, Blake,453284,CLE,FF,4-Seamer,-0.9,-3,330,46.3,86,0.316,0.5,0.385,14.7,11.6,13.7,0.275,0.468,0.344,42.6
Fairbanks, Pete,664126,TB,FF,4-Seamer,-1,-5,446,57.6,86,0.2,0.28,0.284,31.3,27.9,19.5,0.188,0.318,0.274,30.8
Armstrong, Shawn,542888,TB,FF,4-Seamer,0,0,379,55.3,85,0.203,0.365,0.302,32.8,31.8,21.6,0.188,0.375,0.288,41.7
Faria, Jake,607188,ARI,FF,4-Seamer,3.2,12,358,56,85,0.397,0.726,0.516,15.5,14.1,13.6,0.305,0.603,0.421,56.5
Machado, Andres,600921,WSH,FF,4-Seamer,0,0,349,55.7,85,0.23,0.432,0.337,22.5,22.4,16.4,0.229,0.426,0.328,42.9
Montgomery, Jordan,656756,NYY,FF,4-Seamer,-0.3,-1,417,16.2,84,0.247,0.455,0.331,19,25,13.1,0.253,0.461,0.335,50
Rogers, Josh,642028,WSH,FF,4-Seamer,-0.5,-1,274,51.4,84,0.27,0.473,0.358,13.5,13.1,21.2,0.285,0.519,0.378,46.9
Minaya, Juan,573668,MIN,FF,4-Seamer,0.1,0,339,51.4,83,0.25,0.438,0.378,19.9,25.3,25.6,0.2,0.381,0.339,44.4
Suárez, Ranger,624133,PHI,FF,4-Seamer,-2.3,-8,363,22.5,83,0.176,0.216,0.24,22.9,14.5,11.7,0.208,0.267,0.26,25.8
Sandoval, Patrick,663776,LAA,FF,4-Seamer,0.1,0,351,24.3,83,0.282,0.451,0.378,17.6,9.6,11.1,0.282,0.483,0.38,34.4
Sims, Lucas,608371,CIN,FF,4-Seamer,-0.2,-1,336,41.2,83,0.151,0.356,0.261,26.3,39.8,24.4,0.153,0.357,0.262,34.1
Quijada, José,650671,LAA,FF,4-Seamer,-1.7,-6,366,73.3,83,0.176,0.25,0.278,34.7,39.8,25,0.186,0.257,0.284,45.7
Quantrill, Cal,615698,CLE,FF,4-Seamer,0.7,2,342,14.5,83,0.281,0.531,0.422,19,19.3,13.8,0.232,0.412,0.364,44.9
Oviedo, Luis,665854,PIT,FF,4-Seamer,3.5,10,293,50.5,81,0.365,0.651,0.485,14,8.6,13.5,0.363,0.679,0.487,50
Diplán, Marcos,650959,BAL,FF,4-Seamer,0.7,2,319,62.3,81,0.235,0.441,0.356,24.7,22.2,19.1,0.234,0.443,0.343,49
Alcala, Jorge,660896,MIN,FF,4-Seamer,0.5,2,324,37.3,80,0.239,0.507,0.344,25.8,21.3,18.3,0.254,0.55,0.365,44.6
Colomé, Alex,517008,MIN,FF,4-Seamer,1,3,325,29.5,80,0.371,0.532,0.473,12,10,11.6,0.358,0.624,0.481,53.7
Sale, Chris,519242,BOS,FF,4-Seamer,-0.3,-1,352,47.8,79,0.254,0.437,0.335,27.5,32.9,22.2,0.216,0.355,0.289,46.7
Diaz, Miguel,622766,SD,FF,4-Seamer,-0.4,-1,321,46.2,79,0.224,0.463,0.362,16.9,25.3,25,0.277,0.497,0.384,51.1
Alexander, Tyler,641302,DET,FF,4-Seamer,0,0,247,15.1,79,0.257,0.432,0.332,16.9,19,16.1,0.252,0.524,0.348,44.1
Swanson, Erik,657024,SEA,FF,4-Seamer,-0.5,-2,338,59.9,79,0.25,0.5,0.352,27.2,22.8,18,0.23,0.447,0.312,38.2
Thornton, Trent,663423,TOR,FF,4-Seamer,0.3,1,353,38.8,79,0.277,0.523,0.41,18.5,20.3,13.8,0.258,0.523,0.405,56
Farmer, Buck,571656,DET,FF,4-Seamer,1.5,5,346,47.7,79,0.323,0.6,0.437,20,20.3,15.2,0.27,0.515,0.388,52
Baragar, Caleb,670056,SF,FF,4-Seamer,-1.2,-3,290,81,79,0.269,0.403,0.334,20.8,13.9,14.9,0.241,0.445,0.337,43.1
Burr, Ryan,621114,CWS,FF,4-Seamer,0.3,1,298,50.3,78,0.237,0.407,0.37,16,16.7,19.1,0.239,0.368,0.364,56.3
Bielak, Brandon,656232,HOU,FF,4-Seamer,-0.1,0,335,40.1,78,0.295,0.393,0.382,23.8,17.9,13.6,0.26,0.395,0.353,50
Jackson, Luke,592426,ATL,FF,4-Seamer,0.5,2,376,35.6,78,0.27,0.492,0.383,22.2,21.8,15.5,0.299,0.63,0.44,62.5
Pérez, Cionel,672335,CIN,FF,4-Seamer,0.7,2,292,64.3,78,0.262,0.41,0.381,26.4,20.5,26.7,0.242,0.378,0.352,45.7
Detwiler, Ross,446321,SD,FF,4-Seamer,0,0,303,34.1,77,0.235,0.574,0.371,23.2,35.1,29,0.21,0.473,0.339,48.8
Neidert, Nick,663734,MIA,FF,4-Seamer,1.5,4,281,47,77,0.323,0.484,0.408,12.3,9.1,8.4,0.327,0.521,0.423,44.6
Peterson, David,656849,NYM,FF,4-Seamer,-0.8,-3,326,29.1,77,0.221,0.382,0.304,23.1,26,26.7,0.253,0.464,0.344,40.8
Chafin, Andrew,605177,OAK,FF,4-Seamer,-3,-8,267,28.2,77,0.176,0.25,0.245,10.7,14.3,18,0.226,0.351,0.301,40.4
Taylor, Josh,657031,BOS,FF,4-Seamer,1.2,4,292,36.9,77,0.339,0.468,0.419,21.3,19.5,20,0.342,0.544,0.44,44.7
Funkhouser, Kyle,608335,DET,FF,4-Seamer,-2,-5,259,21.8,76,0.149,0.194,0.206,26.5,36.8,20.9,0.17,0.263,0.236,42.5
Long, Sammy,669674,SF,FF,4-Seamer,-0.6,-2,309,42.2,76,0.25,0.484,0.374,14.2,15.8,15.2,0.26,0.472,0.37,54.7
Sheffield, Jordan,642068,COL,FF,4-Seamer,-1,-3,294,64.5,76,0.177,0.29,0.284,16,11.8,14.1,0.236,0.415,0.349,42.6
Payamps, Joel,606303,KC,FF,4-Seamer,-1.8,-6,338,40.9,76,0.214,0.357,0.292,25,26.3,15.6,0.196,0.312,0.254,32
Kuhl, Chad,641771,PIT,FF,4-Seamer,2.2,9,386,26.9,76,0.333,0.587,0.468,14.6,11.8,12.3,0.272,0.487,0.385,40.7
Springs, Jeffrey,605488,TB,FF,4-Seamer,-0.3,-1,315,41.9,76,0.206,0.397,0.296,39.3,47.4,34,0.137,0.241,0.21,36.4
Vest, Will,676684,SEA,FF,4-Seamer,-0.6,-2,345,56.8,76,0.242,0.371,0.33,21.3,17.1,16.7,0.265,0.38,0.34,41.2
Montero, Rafael,606160,HOU,FF,4-Seamer,2.4,7,311,35.7,75,0.27,0.429,0.367,26.9,22.7,15.3,0.212,0.344,0.303,31.9
Knehr, Reiss,663753,SD,FF,4-Seamer,-2.3,-6,280,54.6,75,0.167,0.3,0.279,21.1,20,19.7,0.227,0.434,0.348,44.7
Wainwright, Adam,425794,STL,FF,4-Seamer,2.3,7,290,9.5,75,0.257,0.5,0.345,12.1,30.7,16.8,0.262,0.483,0.34,57.4
Webb, Jacob,657097,ATL,FF,4-Seamer,2,5,253,44.5,75,0.288,0.47,0.361,22,22.7,23,0.278,0.514,0.367,44
Lowther, Zac,675912,BAL,FF,4-Seamer,1.1,3,309,54.1,75,0.338,0.569,0.442,19.1,18.7,14.9,0.318,0.687,0.458,52.9
Minter, A.J.,621345,ATL,FF,4-Seamer,0.3,1,372,42.5,75,0.242,0.371,0.329,30.3,30.7,20.7,0.233,0.316,0.309,37.5
Pomeranz, Drew,519141,SD,FF,4-Seamer,-1.1,-4,324,75.3,74,0.238,0.413,0.321,29.3,29.7,25.9,0.209,0.4,0.303,46.5
Soria, Joakim,465657,TOR,FF,4-Seamer,1.2,4,359,59.3,74,0.318,0.591,0.418,18.9,13.5,14.1,0.309,0.531,0.393,39.3
Banda, Anthony,607455,PIT,FF,4-Seamer,0.2,1,292,47.9,73,0.313,0.578,0.398,22.4,27.4,23.3,0.256,0.436,0.329,47.8
Evans, Demarcus,663770,TEX,FF,4-Seamer,0.4,1,315,60.3,73,0.237,0.373,0.342,20.7,23.3,16.3,0.233,0.369,0.335,30.2
Peralta, Wily,503449,DET,FF,4-Seamer,1.5,6,373,24,73,0.311,0.475,0.431,9.5,5.5,4.6,0.311,0.475,0.391,46.6
Ponce, Cody,664074,PIT,FF,4-Seamer,1.1,3,297,41.7,72,0.323,0.492,0.385,13.4,18.1,14.8,0.271,0.437,0.341,38.5
Davis, Austin,656354,BOS,FF,4-Seamer,0.1,0,246,52,72,0.23,0.443,0.353,23.5,27.8,24.4,0.237,0.378,0.326,46.5
Ginkel, Kevin,656464,ARI,FF,4-Seamer,0.8,3,330,59.4,72,0.311,0.59,0.426,15.2,19.4,14.9,0.278,0.562,0.402,41.7
Turnbull, Spencer,605513,DET,FF,4-Seamer,-1.6,-4,276,35.6,71,0.203,0.328,0.287,25,25.4,22.8,0.198,0.312,0.264,41.3
Megill, Trevor,656730,CHC,FF,4-Seamer,3.1,9,291,63.3,71,0.364,0.636,0.455,19.2,18.3,17.6,0.321,0.596,0.404,48.1
Martin, Chris,455119,ATL,FF,4-Seamer,0.9,2,266,40.1,70,0.308,0.462,0.354,19.4,22.9,17,0.268,0.411,0.314,54
Goudeau, Ashton,623485,COL,FF,4-Seamer,0.2,0,256,45.4,70,0.236,0.455,0.365,15.5,15.7,14.3,0.256,0.464,0.375,46.8
Mears, Nick,683232,PIT,FF,4-Seamer,-0.1,0,290,64.2,70,0.246,0.439,0.357,26.7,18.6,16.9,0.254,0.436,0.37,33.3
Martin, Brett,656685,TEX,FF,4-Seamer,-0.2,-1,221,24.1,70,0.29,0.387,0.34,8.5,8.6,12,0.27,0.361,0.304,32.2
Díaz, Yennsy,660546,NYM,FF,4-Seamer,0.1,0,287,64.2,69,0.263,0.439,0.359,25.6,18.8,17.1,0.221,0.36,0.318,44.4
Davis, Wade,451584,KC,FF,4-Seamer,0.4,1,310,40.3,68,0.293,0.534,0.378,13.4,13.2,13.8,0.313,0.567,0.403,50
Hendrix, Ryan,641682,CIN,FF,4-Seamer,1.8,4,237,43.9,67,0.375,0.732,0.495,7.7,7.5,17.9,0.36,0.632,0.454,53.8
Alzolay, Adbert,640470,CHC,FF,4-Seamer,0.9,3,361,18.5,67,0.267,0.65,0.408,26.8,23.9,17.8,0.311,0.603,0.412,55.6
Abreu, Bryan,650556,HOU,FF,4-Seamer,0.2,0,310,45,66,0.273,0.418,0.392,23.9,12.1,11.4,0.274,0.428,0.367,34
Brach, Brad,542960,CIN,FF,4-Seamer,1.2,3,274,47.3,66,0.255,0.527,0.398,24.4,30.3,18.3,0.206,0.451,0.339,38.9
Anderson, Chase,502624,PHI,FF,4-Seamer,2.2,6,276,32.4,66,0.286,0.732,0.476,23,12.1,9.4,0.304,0.709,0.464,43.8
Barnes, Jacob,606930,TOR,FF,4-Seamer,-0.7,-2,313,54.9,65,0.276,0.466,0.367,21.6,20,14.8,0.221,0.427,0.312,37
Whitley, Kodi,676831,STL,FF,4-Seamer,-1.7,-4,228,56.9,65,0.192,0.288,0.285,25,30.8,24.4,0.207,0.344,0.306,35.3
Head, Louis,545343,TB,FF,4-Seamer,-2.1,-6,286,52.4,65,0.172,0.259,0.234,21.1,15.4,13.7,0.207,0.452,0.305,34
Santiago, Héctor,502327,SEA,FF,4-Seamer,-0.5,-2,321,65.4,64,0.241,0.315,0.303,26.9,26.6,17.2,0.199,0.278,0.275,42.1
Rodriguez, Jefry,622446,WSH,FF,4-Seamer,-0.1,0,212,51.5,64,0.226,0.34,0.338,22.5,23.4,25.9,0.194,0.291,0.293,34.2
Tepera, Ryan,572193,CWS,FF,4-Seamer,-2.7,-8,315,33.2,63,0.179,0.25,0.257,18.2,20.6,19.1,0.171,0.291,0.252,32.6
Wieck, Brad,623364,CHC,FF,4-Seamer,-3.2,-8,248,84.6,63,0.189,0.245,0.271,27.2,34.9,28.9,0.18,0.271,0.273,35.5
Lugo, Seth,607625,NYM,FF,4-Seamer,-3.3,-7,213,29.2,63,0.164,0.2,0.229,41.3,42.9,30.3,0.178,0.241,0.246,39.3
Poteet, Cody,547001,MIA,FF,4-Seamer,-1.2,-3,268,48.8,63,0.212,0.385,0.331,18.9,23.8,19.5,0.244,0.44,0.359,48.6
Woodford, Jake,663765,STL,FF,4-Seamer,1.4,4,258,22.3,63,0.25,0.385,0.314,16.4,17.5,11,0.246,0.344,0.302,47.7
Zuber, Tyler,676604,KC,FF,4-Seamer,2,6,293,57.9,63,0.298,0.553,0.436,26.8,19,15.8,0.331,0.703,0.497,61.1
Yang, Hyeon-Jong,660365,TEX,FF,4-Seamer,0.1,0,271,45.8,63,0.34,0.453,0.417,18.5,11.1,13.2,0.317,0.502,0.406,39.1
Ramirez, Yohan,670990,SEA,FF,4-Seamer,0,0,234,53.7,63,0.22,0.48,0.366,22.4,15.9,22.7,0.217,0.456,0.357,31
Ryan, Joe,657746,MIN,FF,4-Seamer,0,0,271,65.8,62,0.172,0.362,0.259,20.3,27.4,19.8,0.202,0.462,0.305,41.5
Middleton, Keynan,641871,SEA,FF,4-Seamer,1.2,4,306,57.7,62,0.298,0.404,0.402,31.8,19.4,16.2,0.262,0.472,0.404,37.1
Houser, Adrian,605288,MIL,FF,4-Seamer,-0.5,-1,316,13.4,61,0.208,0.415,0.307,27,32.8,16.4,0.163,0.333,0.258,28.6
Gil, Luis,661563,NYY,FF,4-Seamer,-0.3,-1,284,53.4,60,0.24,0.38,0.339,27.9,21.7,18.3,0.23,0.412,0.343,43.2
Eickhoff, Jerad,595191,NYM,FF,4-Seamer,5.6,10,174,48.7,60,0.352,0.778,0.513,4.2,5,10.3,0.389,0.738,0.489,48.1
Wick, Rowan,592858,CHC,FF,4-Seamer,0.3,1,249,62.3,60,0.182,0.205,0.301,26.1,28.3,28.8,0.16,0.274,0.314,39.3
Johnson, Pierce,572955,SD,FF,4-Seamer,0.3,1,340,32.5,60,0.267,0.4,0.406,24.8,26.7,12.7,0.167,0.272,0.315,27.6
Muller, Kyle,666205,ATL,FF,4-Seamer,-0.4,-1,280,41.4,60,0.275,0.373,0.354,18.3,15,13.8,0.247,0.363,0.322,51.2
Bedrosian, Cam,592135,PHI,FF,4-Seamer,0.5,1,235,50.2,59,0.326,0.609,0.452,22.3,20.3,16.9,0.303,0.534,0.422,57.1
Nolin, Sean,543594,WSH,FF,4-Seamer,1.4,3,228,45.7,59,0.383,0.596,0.478,18.2,15.3,13.4,0.245,0.411,0.346,45
Hess, David,605276,TB,FF,4-Seamer,4.3,9,213,58,59,0.333,0.708,0.489,16.5,16.9,14.5,0.303,0.628,0.452,53.8
Junis, Jakob,596001,KC,FF,4-Seamer,1.7,4,219,34.9,58,0.296,0.593,0.397,12.8,10.3,11.5,0.346,0.714,0.46,47.9
Cessa, Luis,570666,CIN,FF,4-Seamer,-0.3,-1,200,21.1,57,0.245,0.408,0.339,14.8,14,15.1,0.266,0.453,0.362,46.3
Hale, David,571735,PHI,FF,4-Seamer,4,9,216,46.9,57,0.353,0.51,0.399,16.2,17.5,17.9,0.362,0.603,0.441,63.4
Hammer, JD,670456,PHI,FF,4-Seamer,1.4,4,249,61.5,57,0.292,0.521,0.402,20.9,21.1,16.2,0.253,0.424,0.351,58.3
Selman, Sam,572125,LAA,FF,4-Seamer,-0.8,-2,273,55.3,57,0.214,0.262,0.302,20.8,15.8,10.1,0.256,0.309,0.348,25
Alexy, A.J.,669935,TEX,FF,4-Seamer,-1,-2,231,54.5,57,0.114,0.273,0.271,16.4,14,12.3,0.282,0.508,0.406,37.8
Knebel, Corey,608349,LAD,FF,4-Seamer,-1.8,-4,232,58.1,57,0.167,0.313,0.269,32.8,31.6,25.4,0.197,0.335,0.298,38.7
Feliz, Michael,593140,OAK,FF,4-Seamer,2.1,5,215,58.1,57,0.352,0.63,0.432,18.3,24.6,20.6,0.333,0.635,0.423,55
Ross, Joe,605452,WSH,FF,4-Seamer,2.5,7,272,16,57,0.22,0.46,0.337,37.7,40.4,18.5,0.197,0.377,0.298,33.3
Garrett, Braxton,666129,MIA,FF,4-Seamer,1.1,2,203,33.6,56,0.273,0.409,0.369,13.8,19.6,19,0.296,0.447,0.389,40
Barlow, Joe,669618,TEX,FF,4-Seamer,-1.5,-3,205,45.1,56,0.16,0.32,0.26,17.9,17.9,16.9,0.231,0.421,0.32,37.5
Gant, John,607231,MIN,FF,4-Seamer,1.7,4,240,12.2,56,0.271,0.458,0.318,22,32.1,16.8,0.179,0.275,0.252,28.1
Castro, Anthony,621593,TOR,FF,4-Seamer,0.5,1,234,51.4,55,0.271,0.479,0.391,16.8,16.4,15.8,0.258,0.408,0.338,43.6
Ureña, José,570632,DET,FF,4-Seamer,1.1,3,278,16.4,55,0.283,0.543,0.422,12.4,3.6,5.4,0.345,0.735,0.491,54.5
Reid-Foley, Sean,656887,NYM,FF,4-Seamer,1.8,4,233,62.8,54,0.292,0.458,0.381,27.7,25.9,23.7,0.269,0.502,0.366,50
Ottavino, Adam,493603,BOS,FF,4-Seamer,-2.9,-7,237,20.7,54,0.106,0.17,0.194,33.9,42.6,24.2,0.157,0.232,0.235,50
Ellis, Chris,595939,BAL,FF,4-Seamer,-1.2,-3,232,48.1,54,0.17,0.319,0.271,21,9.3,9.8,0.244,0.507,0.364,50
Cotton, Jharel,605194,TEX,FF,4-Seamer,-1.6,-4,250,46.2,53,0.214,0.381,0.346,24.4,13.2,13.5,0.235,0.469,0.381,28.6
Williams, Devin,642207,MIL,FF,4-Seamer,0.6,2,333,33.5,53,0.243,0.514,0.42,32.5,32.1,19.5,0.228,0.468,0.402,42.9
Watson, Tony,453265,SF,FF,4-Seamer,-1,-2,218,25.2,53,0.208,0.313,0.269,20,30.2,23.9,0.18,0.28,0.243,37.5
Campbell, Paul,669294,MIA,FF,4-Seamer,3,6,210,44.9,53,0.367,0.673,0.494,17.1,20.8,20.8,0.311,0.592,0.404,44.7
Familia, Jeurys,544727,NYM,FF,4-Seamer,-3.6,-5,147,14.5,53,0.073,0.073,0.209,31.9,47.2,25,0.112,0.172,0.252,56.3
Rucker, Michael,621074,CHC,FF,4-Seamer,0.7,1,181,36.9,52,0.302,0.605,0.424,25.8,23.1,26.1,0.313,0.675,0.45,46.9
Martin, Corbin,656686,ARI,FF,4-Seamer,4.6,10,219,64,52,0.405,0.892,0.582,17.5,15.4,12.5,0.333,0.749,0.514,61.3
Perdomo, Angel,622780,MIL,FF,4-Seamer,-0.8,-2,230,65,52,0.184,0.421,0.36,33.7,32.7,21.3,0.198,0.497,0.388,40.9
Ramirez, Noé,598287,ARI,FF,4-Seamer,-1.8,-4,217,37.5,52,0.19,0.31,0.294,22.5,13.5,12.3,0.177,0.314,0.293,25
Holloway, Jordan,656548,MIA,FF,4-Seamer,0.2,0,222,33.4,51,0.22,0.366,0.338,21.3,17.6,14.8,0.309,0.54,0.425,43.8
Tomlin, Josh,458708,ATL,FF,4-Seamer,-0.6,-1,182,22.5,51,0.286,0.429,0.325,12.1,13.7,12.5,0.299,0.434,0.329,45.2
Wantz, Andrew,681806,LAA,FF,4-Seamer,0.9,2,220,45.5,50,0.25,0.375,0.356,30.7,32,22.2,0.246,0.418,0.365,33.3
Guenther, Sean,674944,MIA,FF,4-Seamer,2.9,6,205,56.9,50,0.333,0.513,0.427,24,12,13.3,0.279,0.486,0.395,45.7
Enns, Dietrich,608650,TB,FF,4-Seamer,0.7,1,211,58.6,49,0.227,0.341,0.329,25.4,32.7,22.5,0.181,0.27,0.245,35.7
Cishek, Steve,518553,LAA,FF,4-Seamer,-2.6,-5,210,16.7,49,0.095,0.167,0.188,37.5,44.9,18.8,0.161,0.296,0.254,38.1
Miller, Justin,502522,STL,FF,4-Seamer,4.9,8,155,52.5,49,0.326,0.698,0.448,19.5,18.4,17.3,0.349,0.75,0.475,51.4
Maples, Dillon,596027,CHC,FF,4-Seamer,-1.3,-2,187,33.1,49,0.167,0.333,0.345,14.3,8.2,16.7,0.281,0.493,0.415,54.5
Cleavinger, Garrett,664076,LAD,FF,4-Seamer,2,4,194,54.5,48,0.375,0.65,0.481,15.1,8.3,9.1,0.295,0.567,0.409,47.4
Price, David,456034,LAD,FF,4-Seamer,-2.4,-5,212,18,48,0.227,0.318,0.267,29,29.2,23.3,0.182,0.272,0.227,38.7
Hutchison, Drew,571800,DET,FF,4-Seamer,-1.4,-3,176,51.9,48,0.282,0.333,0.345,17.6,8.3,10.3,0.289,0.378,0.388,50
Guerra, Junior,448855,LAA,FF,4-Seamer,2.5,5,215,17.6,48,0.316,0.526,0.454,24.2,16.7,17.8,0.232,0.411,0.348,38.7
Coonrod, Sam,656322,PHI,FF,4-Seamer,-1.4,-2,139,19.5,47,0.182,0.227,0.213,44.2,55.3,29.2,0.115,0.197,0.169,38.9
Pearson, Nate,663878,TOR,FF,4-Seamer,0.1,0,189,62.8,47,0.211,0.342,0.345,30.7,31.9,39.5,0.186,0.316,0.306,52.2
Brault, Steven,643230,PIT,FF,4-Seamer,-1.2,-2,199,40,47,0.25,0.475,0.357,17.5,14.9,13,0.286,0.558,0.4,55.9
Mejía, Humberto,650668,ARI,FF,4-Seamer,3.2,6,178,42.3,46,0.45,1.05,0.632,15.8,10.9,9.4,0.33,0.682,0.458,34.3
Anderson, Drew,623454,TEX,FF,4-Seamer,-0.8,-1,174,49.4,46,0.238,0.333,0.308,22.5,13,11.1,0.243,0.398,0.31,38.9
Benjamin, Wes,605138,TEX,FF,4-Seamer,2.2,4,201,43.6,46,0.286,0.457,0.429,19.1,15.2,11.3,0.289,0.506,0.422,39.3
Abbott, Cory,676265,CHC,FF,4-Seamer,2.3,5,207,58.8,46,0.378,0.865,0.55,14.1,6.5,6.4,0.32,0.75,0.489,45.7
Dugger, Robert,667498,SEA,FF,4-Seamer,1.3,2,151,32.8,45,0.306,0.5,0.4,8.8,8.9,9.1,0.311,0.5,0.406,51.5
Pérez, Martín,527048,BOS,FF,4-Seamer,0.2,1,240,12.9,45,0.25,0.477,0.337,17.3,22.2,13.9,0.251,0.513,0.327,35.3
Otto, Glenn,657248,TEX,FF,4-Seamer,3.1,7,219,48.9,45,0.378,0.568,0.475,15.3,13.3,9,0.29,0.468,0.383,46.9
Cabrera, Edward,665795,MIA,FF,4-Seamer,0.8,2,187,38.8,45,0.229,0.429,0.372,17.9,22.2,30.3,0.338,0.683,0.489,64
Okert, Steven,595345,MIA,FF,4-Seamer,0.2,0,185,30.8,44,0.242,0.455,0.395,19.3,18.2,13.8,0.256,0.515,0.417,64
Webb, Logan,657277,SF,FF,4-Seamer,1,2,216,9.8,43,0.265,0.324,0.343,21.3,27.9,16,0.237,0.32,0.328,43.5
Fulmer, Carson,608334,CIN,FF,4-Seamer,3.4,6,176,39.3,43,0.419,0.774,0.559,17.9,9.3,11.8,0.361,0.682,0.512,51.9
Eflin, Zach,621107,PHI,FF,4-Seamer,-0.4,-1,201,12.4,43,0.263,0.421,0.341,31.5,25.6,17.5,0.221,0.325,0.289,37
Anderson, Shaun,641312,SD,FF,4-Seamer,5.9,9,145,33.2,43,0.359,0.718,0.51,23,14,20,0.286,0.581,0.395,45.5
Guduan, Reymin,594056,OAK,FF,4-Seamer,1.1,2,139,60.7,43,0.389,0.5,0.376,12.3,4.7,8.3,0.383,0.568,0.461,44.7
Greene, Conner,641632,BAL,FF,4-Seamer,-0.1,0,158,35.3,43,0.324,0.459,0.374,21.3,16.3,17.9,0.331,0.53,0.399,35.5
Workman, Brandon,519443,BOS,FF,4-Seamer,2.4,4,182,35.3,43,0.364,0.697,0.507,22.4,18.6,18.6,0.289,0.513,0.423,64
Lorenzen, Michael,547179,CIN,FF,4-Seamer,-1.2,-1,127,26.4,42,0.205,0.333,0.237,20.3,28.6,17.9,0.208,0.33,0.235,51.7
Castro, Kervin,665645,SF,FF,4-Seamer,-3.2,-5,149,74.1,42,0.243,0.27,0.257,29.5,21.4,23.7,0.231,0.387,0.31,23.3
Lakins Sr., Travis,664042,BAL,FF,4-Seamer,-1.2,-2,175,34.9,42,0.167,0.222,0.245,24.3,19,17.4,0.2,0.364,0.303,35.7
Shoemaker, Matt,533167,MIN,FF,4-Seamer,0.6,2,260,24.4,42,0.361,0.694,0.516,18.6,7.1,6.5,0.361,0.808,0.516,51.5
Brebbia, John,605154,SF,FF,4-Seamer,-0.6,-1,164,49.4,42,0.256,0.308,0.293,30.7,38.1,26.2,0.204,0.274,0.229,41.7
Sánchez, Miguel,667376,MIL,FF,4-Seamer,3,5,178,37.9,42,0.441,0.882,0.587,25.5,7.1,7.1,0.418,0.847,0.546,48.5
Castano, Daniel,641447,MIA,FF,4-Seamer,2.9,4,141,42.3,41,0.316,0.658,0.473,15.1,12.2,11.9,0.358,0.675,0.455,45.5
Buchter, Ryan,488748,ARI,FF,4-Seamer,3.4,5,151,51.4,41,0.355,0.774,0.51,16.9,12.2,18.5,0.277,0.538,0.428,59.3
Newsome, Ljay,664714,SEA,FF,4-Seamer,-1.8,-3,160,58,41,0.25,0.444,0.319,25.5,31.7,22.4,0.219,0.456,0.314,40
Bergen, Travis,664157,TOR,FF,4-Seamer,0,0,164,87.2,41,0.161,0.29,0.338,21.6,9.8,10,0.198,0.388,0.358,33.3
Fulmer, Michael,605242,DET,FF,4-Seamer,-0.8,-2,207,17.5,41,0.2,0.457,0.335,30.3,26.8,16.7,0.265,0.558,0.395,41.7
Miller, Shelby,571946,PIT,FF,4-Seamer,3.1,5,173,63.4,41,0.29,0.516,0.43,22.1,12.2,10,0.293,0.468,0.415,42.3
Nelson, Jimmy,519076,LAD,FF,4-Seamer,-1.6,-3,173,33.1,41,0.171,0.229,0.24,25.4,31.7,34.2,0.136,0.211,0.216,34.8
LeBlanc, Wade,453281,STL,FF,4-Seamer,-3.1,-4,119,15,40,0.189,0.351,0.254,10.7,10,11.8,0.276,0.519,0.353,35.3
Arihara, Kohei,685503,TEX,FF,4-Seamer,2.1,4,205,29.5,40,0.406,0.844,0.559,6.6,7.5,7.7,0.428,0.961,0.602,65.5
Crismatt, Nabil,622503,SD,FF,4-Seamer,0.7,1,175,13.1,40,0.324,0.647,0.453,12.5,12.5,11.4,0.351,0.717,0.487,51.7
Winkler, Dan,595465,CHC,FF,4-Seamer,3.2,5,157,19.9,40,0.172,0.345,0.378,26.1,30,19.7,0.151,0.263,0.31,44.4
Mikolas, Miles,571945,STL,FF,4-Seamer,-1.6,-3,188,26.5,40,0.167,0.278,0.217,17.6,17.5,10.3,0.279,0.475,0.34,32.3
Baldonado, Alberto,593604,WSH,FF,4-Seamer,0.3,0,130,60.5,40,0.273,0.455,0.372,24.2,25,27.8,0.253,0.497,0.375,25
Lambert, Jimmy,669424,CWS,FF,4-Seamer,-0.1,0,129,52.4,40,0.303,0.485,0.384,15.3,15,18.2,0.263,0.435,0.35,39.3
Margevicius, Nick,676606,SEA,FF,4-Seamer,1.7,3,184,71,39,0.242,0.333,0.342,15.7,25.6,16.4,0.247,0.386,0.336,43.5
Coulombe, Danny,543056,MIN,FF,4-Seamer,-0.2,0,139,26.3,39,0.297,0.514,0.364,11.8,15.4,21.4,0.277,0.499,0.349,41.9
Farrell, Luke,608652,MIN,FF,4-Seamer,1.6,3,190,40.2,39,0.394,0.606,0.472,15.3,7.7,8.8,0.419,0.692,0.507,56.7
Smith, Joe,501925,SEA,FF,4-Seamer,2.9,4,152,23.4,38,0.353,0.588,0.416,17.2,23.7,14.3,0.267,0.453,0.329,34.6
Rodríguez, Joely,570257,NYY,FF,4-Seamer,3.6,5,134,17.3,38,0.357,0.607,0.451,26,21.1,18.2,0.271,0.573,0.411,45.5
Conley, Adam,543045,TB,FF,4-Seamer,-0.6,-1,160,54.1,38,0.25,0.531,0.391,20.7,21.1,17.8,0.199,0.352,0.298,40
Crick, Kyle,605195,PIT,FF,4-Seamer,0.1,0,161,37.1,38,0.091,0.136,0.351,20,7.9,18.8,0.24,0.481,0.471,21.1
Stashak, Cody,664054,MIN,FF,4-Seamer,1.6,2,140,45.5,37,0.308,0.462,0.428,26.6,24.3,29,0.252,0.383,0.396,31.6
Valdez, Framber,664285,HOU,FF,4-Seamer,2.2,2,111,5.3,37,0.381,0.619,0.546,9.8,8.1,20,0.258,0.447,0.473,61.1
Tyler, Kyle,667725,LAA,FF,4-Seamer,-4.3,-5,119,62.6,37,0.034,0.138,0.186,10.7,13.5,16.1,0.137,0.323,0.282,32
Castellanos, Humberto,528748,ARI,FF,4-Seamer,0.5,1,161,22.2,36,0.222,0.407,0.366,13.3,8.3,6.3,0.297,0.477,0.414,40
Davidson, Tucker,656353,ATL,FF,4-Seamer,1,2,148,48.8,36,0.313,0.594,0.443,15.9,13.9,17.9,0.352,0.762,0.491,51.9
Whitlock, Garrett,676477,BOS,FF,4-Seamer,-3.4,-4,109,9.5,36,0.061,0.242,0.169,37.9,50,31,0.117,0.273,0.207,40
Webb, Tyler,643778,STL,FF,4-Seamer,4.2,6,152,38.8,36,0.333,0.444,0.454,21.4,19.4,13,0.279,0.402,0.393,60
Murphy, Patrick,641907,WSH,FF,4-Seamer,0.2,0,157,32.3,36,0.273,0.455,0.353,26.6,33.3,24.5,0.236,0.403,0.308,52.4
Wright Jr., Mike,605541,CWS,FF,4-Seamer,-2.2,-3,125,38.5,35,0.226,0.323,0.29,19.1,14.3,13.9,0.186,0.264,0.252,30.8
Harper, Ryne,607560,WSH,FF,4-Seamer,-1.2,-1,124,21.9,35,0.2,0.367,0.331,19.2,20,29.2,0.21,0.304,0.29,34.8
Klobosits, Gabe,656620,WSH,FF,4-Seamer,1.1,1,128,66,35,0.313,0.375,0.337,18.8,11.4,12.1,0.237,0.326,0.282,53.6
Peters, Dillon,596071,PIT,FF,4-Seamer,0.2,0,155,35,35,0.29,0.387,0.341,14.3,8.6,8.1,0.282,0.463,0.36,39.3
Albers, Andrew,452027,MIN,FF,4-Seamer,3.6,4,116,31.8,35,0.258,0.677,0.421,8.6,22.9,14.8,0.296,0.667,0.435,34.8
Bettinger, Alec,676424,MIL,FF,4-Seamer,-2.6,-3,127,63.8,35,0.25,0.344,0.284,14.3,11.4,11.1,0.307,0.431,0.339,37.9
Dayton, Grant,594795,ATL,FF,4-Seamer,3.6,6,161,64.4,35,0.379,0.69,0.48,22,14.3,11.4,0.285,0.478,0.365,46.2
Ríos, Yacksel,605441,BOS,FF,4-Seamer,1.2,2,135,29.5,35,0.267,0.5,0.377,27,25.7,26.5,0.25,0.601,0.402,57.1
Lindblom, Josh,458676,MIL,FF,4-Seamer,-1.6,-2,127,37.1,35,0.3,0.433,0.371,22.6,28.6,24.4,0.262,0.412,0.346,55
Young, Alex,622065,CLE,FF,4-Seamer,4.5,6,141,15.5,34,0.375,0.75,0.564,16.4,8.8,9.7,0.435,0.886,0.591,50
Burrows, Beau,663366,MIN,FF,4-Seamer,1.3,2,154,57.7,34,0.32,0.68,0.457,15.3,17.6,12.5,0.291,0.637,0.41,36.4
Brice, Austin,592169,BOS,FF,4-Seamer,1.5,2,122,44.5,33,0.222,0.407,0.345,22.4,24.2,15.7,0.156,0.357,0.302,47.4
Doval, Camilo,666808,SF,FF,4-Seamer,-0.7,-1,188,41.6,33,0.259,0.481,0.385,21.6,18.2,12.5,0.24,0.401,0.351,38.1
Kriske, Brooks,621139,BAL,FF,4-Seamer,6.1,6,105,54.1,33,0.423,1.269,0.67,10.5,3,7.7,0.26,0.659,0.424,55.6
Mejía, J.C.,650496,CLE,FF,4-Seamer,1.3,2,160,16.3,33,0.31,0.724,0.489,11.9,18.2,13.6,0.31,0.607,0.423,65.2
Nelson, Nick,656793,NYY,FF,4-Seamer,5.3,10,182,53.8,33,0.45,0.75,0.612,23,15.2,12.2,0.345,0.682,0.537,66.7
Paredes, Enoli,660600,HOU,FF,4-Seamer,2.9,5,168,66.1,33,0.294,0.294,0.482,24,21.2,20.6,0.281,0.445,0.479,63.6
Jackson, Jay,543351,SF,FF,4-Seamer,-1.1,-1,135,34.5,33,0.154,0.269,0.278,26.9,30.3,23.3,0.196,0.415,0.338,47.1
King, Michael,650633,NYY,FF,4-Seamer,-2.1,-2,89,8.8,33,0.094,0.188,0.136,34,45.5,24.6,0.202,0.496,0.299,58.8
Álvarez, José,501625,SF,FF,4-Seamer,-0.3,0,119,12.3,32,0.172,0.31,0.28,20.8,15.6,12.5,0.211,0.38,0.294,41.7
Garza Jr., Ralph,621248,MIN,FF,4-Seamer,0.4,0,92,19,32,0.231,0.615,0.413,19.1,12.5,16.7,0.287,0.652,0.447,59.1
Junk, Janson,676083,LAA,FF,4-Seamer,1.7,2,128,51.8,32,0.31,0.724,0.477,17.2,12.5,13.8,0.368,0.8,0.502,38.5
Adam, Jason,592094,CHC,FF,4-Seamer,2.3,3,125,57.3,32,0.296,0.556,0.413,21,28.1,25.7,0.201,0.392,0.319,33.3
Santos, Antonio,665733,COL,FF,4-Seamer,-0.9,-1,105,59.7,32,0.259,0.481,0.373,5.1,9.4,14.3,0.283,0.435,0.37,37.5
Bukauskas, J.B.,656266,ARI,FF,4-Seamer,6.4,9,135,47.2,32,0.5,0.821,0.579,9.8,3.1,10,0.369,0.743,0.486,53.6
Burdi, Zack,641420,BAL,FF,4-Seamer,2.7,2,91,51.4,32,0.346,0.692,0.466,23.9,12.5,21.1,0.278,0.551,0.414,52.2
Chacín, Jhoulys,468504,COL,FF,4-Seamer,0.1,0,107,10,31,0.222,0.407,0.323,11.1,12.9,19,0.278,0.427,0.355,43.5
Frankoff, Seth,571676,ARI,FF,4-Seamer,4.4,4,103,39.6,31,0.391,0.739,0.524,6.4,6.5,8.3,0.316,0.618,0.453,47.8
Warren, Art,605521,CIN,FF,4-Seamer,0.8,1,137,40.5,31,0.25,0.458,0.38,29.3,22.6,15.2,0.205,0.318,0.319,27.8
Sceroler, Mac,669135,BAL,FF,4-Seamer,8.2,9,111,56.1,31,0.4,0.8,0.6,13.7,12.9,17.4,0.31,0.648,0.461,52.4
Nance, Tommy,667297,CHC,FF,4-Seamer,1.3,1,98,21.5,31,0.167,0.417,0.345,12.8,25.8,26.7,0.254,0.482,0.399,37.5
Archer, Chris,502042,TB,FF,4-Seamer,0.9,1,147,45,30,0.292,0.667,0.458,15.8,16.7,15.2,0.327,0.786,0.507,68.4
López, Yoan,661255,ARI,FF,4-Seamer,-0.5,-1,111,51.6,30,0.37,0.556,0.407,10,10,23.1,0.37,0.609,0.454,36
Solomon, Peter,656981,HOU,FF,4-Seamer,-3.8,-4,116,51.1,30,0.12,0.12,0.207,20.7,20,18.8,0.206,0.296,0.297,36.8
Sandlin, Nick,680704,CLE,FF,4-Seamer,0.7,1,85,14.1,30,0.143,0.357,0.238,27.9,50,33.3,0.115,0.269,0.194,23.1
Brasier, Ryan,518489,BOS,FF,4-Seamer,-3.1,-4,135,68.5,30,0.308,0.308,0.31,18.8,13.3,14.3,0.292,0.392,0.356,43.5
Naughton, Packy,676050,LAA,FF,4-Seamer,3.2,4,126,32.9,29,0.417,0.542,0.498,11.8,13.8,12.5,0.341,0.47,0.409,55
Merryweather, Julian,657240,TOR,FF,4-Seamer,-0.5,-1,118,54.4,29,0.259,0.593,0.379,19.1,24.1,17.5,0.305,0.675,0.429,60
Heasley, Jon,669169,KC,FF,4-Seamer,0.6,1,110,44,29,0.333,0.556,0.402,6,6.9,6.3,0.331,0.65,0.431,68
Barraclough, Kyle,607457,MIN,FF,4-Seamer,-0.5,-1,140,52.2,29,0.182,0.318,0.307,31.3,37.9,22.4,0.151,0.32,0.315,41.7
Fernández, Julian,642759,COL,FF,4-Seamer,1.4,1,99,84.6,29,0.24,0.44,0.345,19.6,10.3,14.3,0.211,0.388,0.312,40.9
Puk, A.J.,640462,OAK,FF,4-Seamer,-0.8,-1,98,40.3,29,0.25,0.25,0.338,22.2,24.1,23.3,0.21,0.249,0.284,47.1
Jackson, Andre,656578,LAD,FF,4-Seamer,0.2,0,92,46.2,28,0.333,0.429,0.404,22.2,14.3,18.2,0.232,0.331,0.329,26.3
Strasburg, Stephen,544931,WSH,FF,4-Seamer,3.9,4,107,29.6,28,0.304,0.783,0.493,25.6,28.6,32,0.268,0.638,0.434,66.7
Gilbert, Tyler,656457,ARI,FF,4-Seamer,-1.5,-2,148,24.7,28,0.261,0.261,0.281,13.8,14.3,9.3,0.199,0.278,0.286,35
Stock, Robert,476594,NYM,FF,4-Seamer,4.5,5,103,61.3,28,0.35,0.7,0.516,20.5,14.3,16.7,0.34,0.68,0.505,50
Kazmir, Scott,431148,SF,FF,4-Seamer,3.6,4,113,54.6,28,0.304,0.522,0.414,10.9,17.9,15.2,0.26,0.505,0.391,66.7
Thompson, Ryan,657044,TB,FF,4-Seamer,-4.9,-4,74,15.3,27,0.077,0.115,0.106,31.9,63,28.3,0.163,0.307,0.217,66.7
Baumann, Mike,657508,BAL,FF,4-Seamer,2,2,103,55.7,27,0.261,0.565,0.396,21.3,11.1,13.6,0.337,0.939,0.548,65
Kittredge, Andrew,552640,TB,FF,4-Seamer,-6.4,-7,104,10.6,27,0.192,0.231,0.187,14.9,25.9,23.3,0.278,0.536,0.345,40
Detmers, Reid,672282,LAA,FF,4-Seamer,2,3,150,39.6,26,0.375,0.708,0.477,22.9,3.8,2.7,0.334,0.743,0.466,43.5
Warren, Austin,681810,LAA,FF,4-Seamer,-0.3,0,111,36.3,26,0.13,0.261,0.244,25.6,26.9,25.9,0.127,0.277,0.234,31.3
Ortega, Oliver,661383,LAA,FF,4-Seamer,-0.3,0,77,55.4,26,0.375,0.5,0.408,5.4,11.5,20,0.232,0.319,0.276,52.4
Madero, Luís,650347,MIA,FF,4-Seamer,6.6,5,79,36.9,25,0.35,0.9,0.55,16.1,4,9.1,0.338,0.805,0.518,52.6
Cody, Kyle,621129,TEX,FF,4-Seamer,1.2,1,82,39.2,25,0.364,0.636,0.46,27.3,24,33.3,0.338,0.647,0.448,50
Slegers, Aaron,642083,LAA,FF,4-Seamer,2.2,2,93,16.3,25,0.35,0.55,0.45,15.8,8,8,0.349,0.543,0.446,44.4
Beasley, Jeremy,676886,TOR,FF,4-Seamer,1.8,2,110,55.6,25,0.222,0.556,0.428,35.2,28,33.3,0.18,0.458,0.384,45.5
Thorpe, Lewis,626929,MIN,FF,4-Seamer,1.9,2,114,45.4,25,0.333,0.476,0.408,11.6,12,9.4,0.281,0.428,0.371,66.7
Vincent, Nick,543883,MIN,FF,4-Seamer,-1.6,-1,87,47.8,24,0.15,0.2,0.244,28.3,20.8,18.5,0.13,0.152,0.219,46.7
Overton, Connor,656818,PIT,FF,4-Seamer,-0.1,0,102,37.2,24,0.238,0.476,0.321,15.1,25,16.2,0.217,0.362,0.279,37.5
Bass, Anthony,542914,MIA,FF,4-Seamer,-0.1,0,70,7.3,24,0.261,0.565,0.36,17.6,12.5,14.3,0.307,0.604,0.395,65
Swarzak, Anthony,461872,KC,FF,4-Seamer,2.2,2,85,42.7,24,0.364,0.636,0.448,12.2,29.2,29.2,0.279,0.477,0.354,46.7
Duplantier, Jon,641541,ARI,FF,4-Seamer,4,4,99,36.7,24,0.333,0.667,0.483,26.8,29.2,25,0.254,0.61,0.432,25
Abreu, Albert,656061,NYY,FF,4-Seamer,-1.2,-1,103,16,24,0.2,0.4,0.341,20.8,12.5,10,0.285,0.452,0.382,29.4
Miller, Andrew,453192,STL,FF,4-Seamer,2,2,101,16.3,24,0.316,0.632,0.463,6.5,4.2,4.5,0.331,0.661,0.477,61.1
Soto, Gregory,642397,DET,FF,4-Seamer,-3.1,-3,83,7.3,23,0.095,0.238,0.187,51.3,60.9,30.4,0.102,0.201,0.178,28.6
Gonzales, Marco,594835,SEA,FF,4-Seamer,-1.9,-2,119,5.1,23,0.158,0.316,0.268,15.6,8.7,9.1,0.354,0.643,0.459,38.9
Sanchez, Aaron,592717,SF,FF,4-Seamer,1,1,114,19.2,23,0.294,0.412,0.448,15.8,8.7,7.7,0.288,0.401,0.4,33.3
Waddell, Brandon,663399,STL,FF,4-Seamer,1.6,2,100,46.9,23,0.263,0.579,0.43,17.9,13,10,0.261,0.664,0.438,50
Baz, Shane,669358,TB,FF,4-Seamer,-1.7,-2,108,54.5,23,0.143,0.429,0.274,30.4,39.1,31,0.178,0.477,0.305,33.3
Hatch, Thomas,641672,TOR,FF,4-Seamer,3,2,65,39.2,23,0.368,0.842,0.537,8.6,8.7,15.4,0.329,0.753,0.492,52.9
Moran, Jovani,663558,MIN,FF,4-Seamer,4.5,4,85,52.5,23,0.444,0.5,0.48,25.6,8.7,9.5,0.33,0.401,0.401,18.8
Peralta, Wandy,593974,NYY,FF,4-Seamer,3.3,4,118,14.6,22,0.294,0.882,0.521,20.9,4.5,3.3,0.349,0.917,0.531,52.9
Phillips, Evan,623465,LAD,FF,4-Seamer,0.1,0,110,45.1,22,0.368,0.421,0.398,16.4,9.1,6.5,0.36,0.466,0.404,47.1
Jones, Nate,518858,LAD,FF,4-Seamer,-2.9,-2,81,26.2,22,0.222,0.278,0.275,29.2,9.1,9.5,0.296,0.527,0.391,58.8
Biddle, Jesse,592145,ATL,FF,4-Seamer,2.3,2,85,45.7,22,0.438,0.688,0.536,6.3,4.5,10,0.296,0.516,0.428,31.3
Adams, Austin,613534,SD,FF,4-Seamer,2.3,3,124,12.9,22,0.294,0.588,0.443,25.6,18.2,16,0.224,0.333,0.341,30.8
Rodríguez, Manuel,655889,CHC,FF,4-Seamer,3.6,3,88,29.3,22,0.294,0.588,0.445,33.3,22.7,23.8,0.29,0.564,0.435,50
Claudio, Alex,592222,LAA,FF,4-Seamer,5.8,5,83,14.1,21,0.412,0.824,0.598,11.5,14.3,9.7,0.424,0.94,0.594,50
Lovelady, Richard,663992,KC,FF,4-Seamer,1.8,2,101,32.1,21,0.294,0.353,0.364,30,33.3,29.2,0.273,0.326,0.343,50
Weems, Jordan,607179,ARI,FF,4-Seamer,5.6,5,80,59.7,21,0.313,0.875,0.536,12.8,9.5,9.1,0.366,0.853,0.549,57.1
García, Deivi,665620,NYY,FF,4-Seamer,4.2,3,63,41.2,21,0.333,0.722,0.476,20,19,18.2,0.311,0.703,0.461,50
Oswalt, Corey,621261,NYM,FF,4-Seamer,-0.7,-1,87,55.8,21,0.25,0.5,0.333,23.9,23.8,20,0.303,0.543,0.373,40
Graveman, Kendall,608665,HOU,FF,4-Seamer,0,0,75,8.6,20,0.176,0.235,0.258,37.5,55,24.4,0.193,0.258,0.271,66.7
Williams, Taylor,592865,MIA,FF,4-Seamer,2.6,2,69,31.5,20,0.353,0.412,0.393,6.9,5,5.3,0.291,0.398,0.358,43.8
Acevedo, Domingo,642758,OAK,FF,4-Seamer,3,3,88,50.6,20,0.375,0.75,0.52,16.3,10,8,0.267,0.454,0.386,35.7
Santana, Dennis,642701,TEX,FF,4-Seamer,5.9,3,53,5.8,20,0.235,0.588,0.395,24.2,40,21.1,0.228,0.564,0.383,33.3
Hanhold, Eric,621098,BAL,FF,4-Seamer,6.6,6,94,49.7,20,0.368,0.684,0.46,18.4,15,17.6,0.358,0.722,0.465,50
Edwards Jr., Carl,605218,TOR,FF,4-Seamer,1.1,1,69,62.2,20,0.389,0.722,0.46,27.3,20,28.6,0.294,0.537,0.356,46.7
Morimando, Shawn,596049,MIA,FF,4-Seamer,6.2,4,65,32.7,20,0.412,0.647,0.49,12.5,20,26.7,0.273,0.354,0.333,30.8
Harvey, Hunter,640451,BAL,FF,4-Seamer,1.7,2,89,64,20,0.263,0.632,0.43,4.7,15,15,0.232,0.408,0.293,31.3
Herget, Jimmy,623474,LAA,FF,4-Seamer,-0.3,0,74,24.7,20,0.235,0.353,0.32,21.9,15,16.7,0.248,0.321,0.315,28.6
Clippard, Tyler,461325,ARI,FF,4-Seamer,-4.5,-4,95,23.2,20,0.158,0.211,0.188,20.8,25,16.7,0.156,0.228,0.192,28.6
Gose, Anthony,543238,CLE,FF,4-Seamer,-2.4,-2,84,73,20,0.111,0.167,0.178,25.9,35,21.2,0.154,0.197,0.208,9.1
Sherfy, Jimmie,642073,LAD,FF,4-Seamer,-1.8,-1,81,35.2,19,0.188,0.375,0.274,19.5,5.3,5,0.306,0.623,0.404,37.5
Rosso, Ramón,665759,PHI,FF,4-Seamer,-2.1,-2,85,59,19,0.188,0.25,0.271,15.6,15.8,10.7,0.286,0.423,0.365,46.2
Raley, Brooks,548384,HOU,FF,4-Seamer,6.1,4,63,7.3,19,0.25,0.438,0.358,20,15.8,13.6,0.248,0.471,0.368,15.4
Marshall, Evan,605359,CWS,FF,4-Seamer,-0.6,-1,105,24.1,19,0.125,0.188,0.224,27.3,15.8,12.5,0.16,0.287,0.269,23.1
Llovera, Mauricio,661440,PHI,FF,4-Seamer,1.2,1,78,53.8,19,0.294,0.824,0.484,17.9,15.8,15,0.191,0.429,0.304,42.9
Jewell, Jake,657228,CHC,FF,4-Seamer,9.2,7,80,37.2,18,0.5,1.143,0.689,28.6,27.8,15.6,0.282,0.627,0.451,55.6
García, Edgar,658305,MIN,FF,4-Seamer,6.2,3,51,18.1,18,0.333,0.6,0.447,9.5,11.1,14.3,0.309,0.536,0.419,53.8
Tapia, Domingo,593619,KC,FF,4-Seamer,-2.1,-2,78,15,18,0.25,0.25,0.383,21.2,27.8,22.7,0.231,0.271,0.38,42.9
Menez, Conner,669214,SF,FF,4-Seamer,2.8,2,84,34,18,0.235,0.471,0.319,14.3,27.8,14.3,0.267,0.462,0.331,41.7
Knight, Dusten,643400,BAL,FF,4-Seamer,4.4,3,67,36,17,0.308,0.692,0.494,24,29.4,23.8,0.344,0.582,0.461,55.6
Lambert, Peter,663567,COL,FF,4-Seamer,11.3,5,47,38.2,17,0.588,1.059,0.7,8,0,0,0.393,0.763,0.484,52.9
Tice, Ty,676709,ATL,FF,4-Seamer,4.7,3,61,43,17,0.5,0.833,0.609,8,11.8,11.8,0.46,0.781,0.575,50
Strahm, Matt,621381,SD,FF,4-Seamer,3.2,2,63,46.3,17,0.5,0.688,0.516,21.1,17.6,12.5,0.297,0.431,0.313,35.7
Milone, Tommy,543548,TOR,FF,4-Seamer,5.9,4,75,31.1,17,0.529,1.176,0.762,10.3,11.8,13.3,0.341,0.635,0.412,53.3
Wisler, Matt,605538,TB,FF,4-Seamer,2.9,2,72,9.1,17,0.2,0.4,0.306,14.3,17.6,15.8,0.305,0.626,0.424,50
Coleman, Dylan,669395,KC,FF,4-Seamer,-3.1,-2,65,59.6,17,0.313,0.438,0.347,22.5,17.6,15,0.269,0.321,0.289,30.8
Guerra, Javy,457915,WSH,FF,4-Seamer,9.3,6,68,45.9,17,0.5,1.083,0.672,14.3,11.8,10,0.429,0.996,0.62,54.5
Stroman, Marcus,573186,NYM,FF,4-Seamer,-0.9,-1,72,2.6,16,0.286,0.357,0.334,37.8,31.3,16.1,0.336,0.603,0.435,44.4
Treinen, Blake,595014,LAD,FF,4-Seamer,-1.9,-2,82,7.5,16,0.133,0.2,0.178,35.9,62.5,20.8,0.132,0.184,0.172,20
Keuchel, Dallas,572971,CWS,FF,4-Seamer,0.1,0,59,2.2,16,0.25,0.688,0.384,3.1,0,0,0.314,0.734,0.43,56.3
O'Day, Darren,503285,NYY,FF,4-Seamer,-0.5,0,86,45.5,16,0.2,0.4,0.281,22.7,37.5,24,0.172,0.366,0.255,33.3
Meisinger, Ryan,664682,CHC,FF,4-Seamer,0.1,0,56,37.6,16,0.364,0.364,0.427,13.6,12.5,22.2,0.187,0.24,0.322,20
Chatwood, Tyler,543022,SF,FF,4-Seamer,8,4,47,8,16,0.5,0.667,0.556,16.7,18.8,30,0.393,0.593,0.49,55.6
McHugh, Collin,543521,TB,FF,4-Seamer,0,0,106,10.9,16,0.214,0.214,0.256,30.6,37.5,14.6,0.272,0.399,0.339,50
Kela, Keone,605309,SD,FF,4-Seamer,0.3,0,108,53.2,16,0.375,0.75,0.531,12.8,18.8,25,0.335,0.633,0.408,53.8
Holland, Derek,502706,DET,FF,4-Seamer,2.1,2,82,9.8,15,0.417,0.833,0.56,14.7,0,0,0.411,0.857,0.564,75
Ryan, Kyle,594986,CHC,FF,4-Seamer,4.1,2,59,26.2,15,0.286,0.786,0.457,29.4,33.3,41.7,0.328,0.635,0.427,44.4
Yajure, Miguel,664337,PIT,FF,4-Seamer,4.9,3,62,25.9,15,0.429,1.286,0.7,15,20,25,0.442,1.124,0.648,54.5
Morgan, Adam,605388,CHC,FF,4-Seamer,-1,-1,62,14,15,0.2,0.3,0.33,4.8,0,0,0.15,0.256,0.326,36.4
Aguilar, Miguel,620396,ARI,FF,4-Seamer,-0.2,0,62,59.6,15,0.25,0.25,0.293,18.5,6.7,7.7,0.192,0.246,0.263,16.7
May, Dustin,669160,LAD,FF,4-Seamer,-0.8,-1,70,19,15,0.214,0.429,0.3,22.2,46.7,23.3,0.177,0.397,0.271,57.1
Anderson, Nick,623433,TB,FF,4-Seamer,0.4,0,68,66.7,15,0.231,0.692,0.42,11.8,0,0,0.468,1.284,0.716,53.8
Cahill, Trevor,502239,PIT,FF,4-Seamer,-2.3,-1,41,6.2,15,0.214,0.214,0.227,22.2,33.3,17.9,0.223,0.265,0.247,11.1
Valdez, César,491624,BAL,FF,4-Seamer,0.4,0,66,8.7,14,0.308,0.538,0.382,16,21.4,30,0.316,0.478,0.361,40
Feltner, Ryan,663372,COL,FF,4-Seamer,3.6,3,76,53.5,14,0.545,1.091,0.693,26.7,7.1,7.7,0.377,0.671,0.497,30
Adon, Joan,672851,WSH,FF,4-Seamer,3.4,2,50,53.2,14,0.5,0.8,0.6,10.5,21.4,37.5,0.33,0.681,0.5,71.4
Mills, Wyatt,670090,SEA,FF,4-Seamer,7.7,4,52,22.6,14,0.4,0.9,0.586,30,28.6,18.2,0.253,0.558,0.441,66.7
Perez, Francisco,660906,CLE,FF,4-Seamer,0.8,1,70,57.4,14,0.4,0.5,0.432,14.8,0,0,0.2,0.296,0.312,45.5
Hartlieb, Geoff,664129,NYM,FF,4-Seamer,1.7,1,48,22.5,14,0.3,0.4,0.418,16,7.1,10,0.31,0.458,0.436,44.4
Devenski, Chris,606965,ARI,FF,4-Seamer,7.8,4,49,33.8,14,0.538,0.923,0.629,9.5,7.1,11.1,0.475,1.107,0.66,50
Effross, Scott,664123,CHC,FF,4-Seamer,-2.3,-1,44,19.8,13,0.1,0.1,0.231,41.2,46.2,30,0.099,0.11,0.231,50
Saucedo, Tayler,642048,TOR,FF,4-Seamer,8.7,4,45,10.4,13,0.545,1.091,0.688,18.2,0,0,0.534,1.235,0.727,54.5
Mattson, Isaac,676755,BAL,FF,4-Seamer,2.7,2,60,65.9,13,0.333,0.444,0.45,18.5,7.7,5.9,0.253,0.584,0.455,50
Blewett, Scott,656240,KC,FF,4-Seamer,1.6,1,45,48.9,13,0.273,0.455,0.369,12,15.4,11.8,0.357,0.625,0.457,44.4
Sittinger, Brandyn,670087,ARI,FF,4-Seamer,-0.9,-1,56,70,13,0.3,0.7,0.496,12.9,0,0,0.45,0.857,0.532,63.6
Núñez, Darien,628345,LAD,FF,4-Seamer,1.9,1,58,45.7,13,0.3,0.4,0.396,36,30.8,33.3,0.264,0.456,0.394,66.7
Feliz, Neftalí,491703,LAD,FF,4-Seamer,7.1,3,47,70.1,13,0.182,0.545,0.358,23.1,15.4,15.4,0.283,0.584,0.413,33.3
Kluber, Corey,446372,NYY,FF,4-Seamer,-0.4,0,61,4.6,13,0.2,0.2,0.267,12,23.1,10,0.215,0.387,0.326,62.5
Spitzbarth, Shea,665661,PIT,FF,4-Seamer,-4.3,-2,37,45.1,13,0.2,0.2,0.3,0,7.7,8.3,0.282,0.377,0.378,33.3
Burnes, Corbin,669203,MIL,FF,4-Seamer,7.1,3,40,1.5,13,0.462,0.692,0.496,20,15.4,11.8,0.267,0.397,0.288,54.5
Fedde, Erick,607200,WSH,FF,4-Seamer,6.1,3,48,2,12,0.455,1,0.692,3.7,0,0,0.344,0.686,0.457,45.5
Krehbiel, Joey,607216,BAL,FF,4-Seamer,-1.4,-1,51,38.3,12,0.25,0.375,0.413,20.8,16.7,16.7,0.284,0.403,0.43,33.3
Cobb, Alex,502171,LAA,FF,4-Seamer,-1.4,-1,74,4.7,12,0,0,0.192,13.6,33.3,17.4,0.101,0.166,0.211,33.3
Newberry, Jake,623470,KC,FF,4-Seamer,10.9,5,45,45,12,0.556,1,0.671,16.7,8.3,10,0.501,1.027,0.652,50
James, Josh,657624,HOU,FF,4-Seamer,4,2,40,58,12,0.3,0.7,0.463,42.9,41.7,55.6,0.212,0.58,0.388,80
Gustave, Jandel,594311,MIL,FF,4-Seamer,-0.5,0,51,17.3,12,0.222,0.556,0.417,21.4,25,13.6,0.233,0.578,0.426,50
Sanmartin, Reiver,665665,CIN,FF,4-Seamer,-4.8,-2,51,28.2,12,0,0,0.058,33.3,50,40,0.149,0.181,0.19,40
Gonsalves, Stephen,624427,BOS,FF,4-Seamer,-0.2,0,42,51.2,12,0.111,0.222,0.279,21.7,16.7,14.3,0.16,0.193,0.289,14.3
Del Pozo, Miguel,600887,DET,FF,4-Seamer,-3.8,-2,48,60,12,0.273,0.455,0.342,25,8.3,16.7,0.28,0.346,0.307,20
Mantiply, Joe,573009,ARI,FF,4-Seamer,4.5,2,45,7.2,12,0.25,0.25,0.458,23.5,33.3,16.7,0.188,0.209,0.351,0
Romero, JoJo,668941,PHI,FF,4-Seamer,4.3,3,60,35.1,11,0.4,1,0.591,22.2,36.4,22.2,0.301,0.784,0.471,66.7
Fiers, Mike,571666,OAK,FF,4-Seamer,-1.6,-1,35,23,11,0.222,0.222,0.291,14.3,0,0,0.262,0.507,0.391,33.3
Honeywell Jr, Brent,641703,TB,FF,4-Seamer,2.6,1,39,50,11,0.444,0.778,0.555,22.7,9.1,11.1,0.399,0.79,0.537,62.5
Singer, Brady,663903,KC,FF,4-Seamer,9,3,37,1.6,11,0.286,0.286,0.5,7.7,0,0,0.295,0.361,0.437,28.6
Snyder, Nick,676766,TEX,FF,4-Seamer,3,1,46,78,11,0.375,0.5,0.468,21.7,0,0,0.447,0.491,0.491,50
Szapucki, Thomas,663378,NYM,FF,4-Seamer,5.8,3,53,64.6,11,0.556,1.333,0.768,26.3,18.2,25,0.538,1.197,0.719,71.4
Zerpa, Angel,672582,KC,FF,4-Seamer,-4.6,-2,36,52.9,11,0.091,0.091,0.164,12.5,36.4,40,0.184,0.204,0.169,28.6
Law, Derek,571882,MIN,FF,4-Seamer,3.8,2,66,22.6,11,0.444,0.556,0.486,16.7,9.1,4.8,0.279,0.362,0.352,37.5
Barreda, Manny,518435,BAL,FF,4-Seamer,3.2,1,32,66.7,11,0.222,0.556,0.391,17.6,9.1,14.3,0.242,0.675,0.434,50
Castillo, Diego,650895,SEA,FF,4-Seamer,6.4,2,38,4.1,11,0.333,1.111,0.541,22.2,27.3,12.5,0.214,0.543,0.319,57.1
Gibaut, Ian,664139,MIN,FF,4-Seamer,-3.6,-1,42,40.4,11,0.111,0.222,0.241,23.8,9.1,9.1,0.39,0.654,0.491,75
Avila, Pedro,658648,SD,FF,4-Seamer,-2.9,-1,33,39.3,10,0.222,0.556,0.36,6.7,30,30,0.284,0.596,0.402,50
Kelly, Joe,523260,LAD,FF,4-Seamer,-4.2,-2,49,6.9,10,0.2,0.2,0.18,50,60,35.3,0.151,0.199,0.152,25
Norwood, James,656803,SD,FF,4-Seamer,-1.8,-1,48,51.1,10,0.375,0.375,0.41,25,10,5.9,0.361,0.433,0.418,28.6
Wojciechowski, Asher,592879,NYY,FF,4-Seamer,3.3,1,38,45.8,10,0.25,0.75,0.465,11.8,10,6.7,0.242,0.565,0.408,42.9
Cole, A.J.,595918,TOR,FF,4-Seamer,0,0,48,42.1,10,0.4,0.6,0.43,33.3,10,9.1,0.382,0.675,0.44,66.7
Guzman, Jorge,660422,MIA,FF,4-Seamer,11.5,4,34,55.7,10,0.6,0.8,0.655,46.7,20,25,0.237,0.331,0.477,66.7
Romero, Jhon,664584,WSH,FF,4-Seamer,2.2,1,50,64.1,10,0.333,0.667,0.375,20,20,10,0.265,0.526,0.299,50